,CONTESTANT,SHOW,Round_Eliminated,First_Impression_Rose,Percentage Left after D1
0,13_BRYAN_A,Bachelorette,0,1,50.0
1,13_PETER_K,Bachelorette,10,0,80.0
2,13_ERIC_B,Bachelorette,9,0,40.0
3,13_DEAN_U,Bachelorette,8,0,60.0
4,13_ADAM_G,Bachelorette,7,0,
5,13_MATT_M,Bachelorette,7,0,
6,13_ALEX_B,Bachelorette,6,0,
7,13_WILL_G,Bachelorette,6,0,40.0
8,13_KENNY_L,Bachelorette,6,0,
9,13_ANTHONY_B,Bachelorette,5,0,70.0
10,13_JOSIAH_G,Bachelorette,5,0,
11,13_LEE_G,Bachelorette,5,0,
12,13_IGGY_R,Bachelorette,4,0,
13,13_JONATHAN_T,Bachelorette,4,0,
14,13_JACK_S,Bachelorette,4,0,60.0
15,13_BRADY_E,Bachelorette,3,0,
16,13_BRYCE_P,Bachelorette,3,0,
17,13_DIGGY_M,Bachelorette,3,0,
18,13_FRED_J,Bachelorette,3,0,
19,13_BLAKE_E,Bachelorette,2,0,
20,13_JAMEY_K,Bachelorette,2,0,
21,13_LUCAS_Y,Bachelorette,2,0,
22,13_DEMARIO_J,Bachelorette,2,0,
23,13_BLAKE_K,Bachelorette,1,0,
24,13_GRANT_H,Bachelorette,1,0,
25,13_JEDIDIAH_B,Bachelorette,1,0,
26,13_KYLE_S,Bachelorette,1,0,
27,13_MICHAEL_B,Bachelorette,1,0,
28,13_MILTON_L,Bachelorette,1,0,
29,13_MOHIT_S,Bachelorette,1,0,
30,13_ROB_H,Bachelorette,1,0,
31,12_JORDAN_R,Bachelorette,0,1,50.0
32,12_ROBBY_H,Bachelorette,10,0,20.0
33,12_CHASE_M,Bachelorette,9,0,70.0
34,12_LUKE_P,Bachelorette,8,0,60.0
35,12_JAMES_T,Bachelorette,7,0,70.0
36,12_ALEX_W,Bachelorette,7,0,30.0
37,12_DEREK_P,Bachelorette,6,0,80.0
38,12_WELLS_A,Bachelorette,6,0,40.0
39,12_VINCENT_V,Bachelorette,5,0,
40,12_GRANT_K,Bachelorette,5,0,
41,12_EVAN_B,Bachelorette,5,0,
42,12_JAMES_F,Bachelorette,4,0,
43,12_DANIEL_M,Bachelorette,4,0,
44,12_CHAD_J,Bachelorette,4,0,
45,12_NICK_B,Bachelorette,3,0,
46,12_CHRISTIAN_B,Bachelorette,3,0,
47,12_ALI_Z,Bachelorette,3,0,
48,12_WILL_H,Bachelorette,2,0,
49,12_JAMES_S,Bachelorette,2,0,
50,12_BRANDON_H,Bachelorette,2,0,
51,12_SAL_D,Bachelorette,1,0,
52,12_PETER_M,Bachelorette,1,0,
53,12_NICK_S,Bachelorette,1,0,
54,12_JONATHAN_H,Bachelorette,1,0,
55,12_JAKE_P,Bachelorette,1,0,
56,12_COLEY_K,Bachelorette,1,0,
57,11_SHAWN_B,Bachelorette,0,1,44.44444444444444
58,11_NICK_V,Bachelorette,9,0,33.33333333333333
59,11_BEN_H,Bachelorette,8,0,44.44444444444444
60,11_JARED_H,Bachelorette,7,0,55.55555555555556
61,11_JOE_B,Bachelorette,7,0,
62,11_CHRIS_S,Bachelorette,7,0,22.22222222222222
63,11_BEN_Z,Bachelorette,6,0,66.66666666666666
64,11_TANNER_T,Bachelorette,6,0,
65,11_JJ_L,Bachelorette,6,0,
66,11_JOSHUA_A,Bachelorette,5,0,
67,11_JUSTIN_R,Bachelorette,5,0,
68,11_IAN_T,Bachelorette,5,0,
69,11_COREY_S,Bachelorette,4,0,
70,11_JONATHAN_H,Bachelorette,4,0,
71,11_RYAN_B,Bachelorette,4,0,
72,11_CLINT_A,Bachelorette,3,0,77.77777777777779
73,11_TONY_H,Bachelorette,3,0,
74,11_CORY_S,Bachelorette,2,0,
75,11_DANIEL_F,Bachelorette,2,0,
76,11_KUPAH_J,Bachelorette,2,0,
77,11_BRADLEY_C,Bachelorette,1,0,
78,11_DAVID_X,Bachelorette,1,0,
79,11_JOSH_S,Bachelorette,1,0,
80,11_SHAWN_E,Bachelorette,1,0,
81,11_BRADY_T,Bachelorette,1,0,
82,11_RYAN_M,Bachelorette,1,0,
83,10_JOSH_M,Bachelorette,0,0,50.0
84,10_NICK_V,Bachelorette,10,1,70.0
85,10_CHRIS_S,Bachelorette,9,0,80.0
86,10_MARCUS_G,Bachelorette,8,0,60.0
87,10_BRIAN_O,Bachelorette,7,0,50.0
88,10_DYLAN_P,Bachelorette,7,0,60.0
89,10_JJ_O,Bachelorette,6,0,70.0
90,10_CODY_S,Bachelorette,6,0,40.0
91,10_ANDREW_P,Bachelorette,5,0,
92,10_MARQUEL_M,Bachelorette,5,0,
93,10_PATRICK_J,Bachelorette,5,0,
94,10_TASOS_H,Bachelorette,4,0,
95,10_ERIC_H,Bachelorette,4,0,80.0
96,10_BRADLEY_W,Bachelorette,3,0,
97,10_BRETT_M,Bachelorette,3,0,
98,10_RON_W,Bachelorette,3,0,
99,10_CARL_K,Bachelorette,2,0,
100,10_CRAIG_M,Bachelorette,2,0,
101,10_NICK_S,Bachelorette,2,0,
102,10_EMIL_S,Bachelorette,1,0,
103,10_JASON_L,Bachelorette,1,0,
104,10_JOSH_B,Bachelorette,1,0,
105,10_MIKE_C,Bachelorette,1,0,
106,10_RUDIE_D,Bachelorette,1,0,
107,10_STEVEN_W,Bachelorette,1,0,
108,09_CHRIS_S,Bachelorette,0,0,50.0
109,09_DREW_K,Bachelorette,10,1,40.0
110,09_BROOKS_F,Bachelorette,9,0,80.0
111,09_ZAK_W,Bachelorette,8,1,40.0
112,09_MICHAEL_G,Bachelorette,7,1,30.0
113,09_JAMES_C,Bachelorette,6,0,60.0
114,09_JUAN_G,Bachelorette,6,0,
115,09_KASEY_S,Bachelorette,6,0,70.0
116,09_MIKEY_T,Bachelorette,5,0,
117,09_BEN_S,Bachelorette,5,1,
118,09_BRYDEN_V,Bachelorette,5,1,80.0
119,09_ZACK_K,Bachelorette,4,0,
120,09_BRAD_M,Bachelorette,4,0,60.0
121,09_BRANDON_A,Bachelorette,3,0,
122,09_DAN_C,Bachelorette,3,0,
123,09_BRIAN_J,Bachelorette,3,0,
124,09_NICK_M,Bachelorette,2,1,
125,09_ROBERT_G,Bachelorette,2,0,
126,09_WILL_R,Bachelorette,2,0,
127,09_DIOGO_C,Bachelorette,1,0,
128,09_LARRY_B,Bachelorette,1,0,
129,09_MICAH_X,Bachelorette,1,0,
130,09_MIKE_X,Bachelorette,1,0,
131,09_NICK_R,Bachelorette,1,0,
132,09_JONATHAN_V,Bachelorette,1,0,
133,08_JEF_H,Bachelorette,0,0,50.0
134,08_ARIE_L,Bachelorette,10,0,70.0
135,08_SEAN_L,Bachelorette,9,0,50.0
136,08_CHRIS_B,Bachelorette,8,0,70.0
137,08_JOHN_W,Bachelorette,7,0,30.0
138,08_DOUG_C,Bachelorette,7,1,60.0
139,08_RYAN_B,Bachelorette,6,0,80.0
140,08_TRAVIS_P,Bachelorette,6,0,40.0
141,08_ALEJANDRO_V,Bachelorette,5,0,
142,08_KALON_M,Bachelorette,5,0,
143,08_CHARLIE_G,Bachelorette,4,0,
144,08_MICHAEL_N,Bachelorette,4,0,
145,08_NATHAN_B,Bachelorette,4,0,
146,08_STEVIE_A,Bachelorette,3,0,
147,08_ALESSANDRO_G,Bachelorette,3,0,
148,08_TONY_P,Bachelorette,3,0,
149,08_AARON_M,Bachelorette,2,0,
150,08_KYLE_D,Bachelorette,2,0,
151,08_JOE_G,Bachelorette,2,0,80.0
152,08_BRENT_R,Bachelorette,1,0,
153,08_DAVID_H,Bachelorette,1,0,
154,08_JACKSON_L,Bachelorette,1,0,
155,08_JEANPAUL_L,Bachelorette,1,0,
156,08_LERONE_A,Bachelorette,1,0,
157,08_RANDY_W,Bachelorette,1,0,
158,07_JP_R,Bachelorette,0,0,70.0
159,07_BEN_F,Bachelorette,10,0,50.0
160,07_CONSTANTINE_T,Bachelorette,9,0,60.0
161,07_AMES_B,Bachelorette,8,0,60.0
162,07_LUCAS_D,Bachelorette,7,0,40.0
163,07_RYAN_P,Bachelorette,7,1,30.0
164,07_BLAKE_J,Bachelorette,6,0,
165,07_RYAN_M,Bachelorette,6,0,80.0
166,07_NICK_P,Bachelorette,5,0,
167,07_WILLIAM_H,Bachelorette,5,0,80.0
168,07_BEN_C,Bachelorette,5,0,70.0
169,07_WEST_L,Bachelorette,4,0,
170,07_CHRIS_D,Bachelorette,3,0,
171,07_JEFF_M,Bachelorette,3,0,
172,07_BENTLEY_W,Bachelorette,3,0,
173,07_MATT_C,Bachelorette,2,0,
174,07_RYAN_M,Bachelorette,2,0,
175,07_STEPHEN_D,Bachelorette,2,0,
176,07_ANTHONY_S,Bachelorette,1,0,
177,07_CHRIS_M,Bachelorette,1,0,
178,07_FRANK_C,Bachelorette,1,0,
179,07_JON_E,Bachelorette,1,0,
180,07_MICHAEL_B,Bachelorette,1,0,
181,07_ROB_D,Bachelorette,1,0,
182,07_TIM_M,Bachelorette,1,0,
183,06_ROBERT_M,Bachelorette,0,1,70.0
184,06_CHRIS_L,Bachelorette,10,0,60.0
185,06_FRANK_N,Bachelorette,9,0,80.0
186,06_KIRK_D,Bachelorette,8,0,50.0
187,06_TY_B,Bachelorette,7,0,40.0
188,06_CRAIG_R,Bachelorette,6,0,
189,06_JUSTIN_R,Bachelorette,6,0,
190,06_CHRIS_N,Bachelorette,5,0,
191,06_KASEY_K,Bachelorette,5,0,60.0
192,06_JESSE_B,Bachelorette,4,0,80.0
193,06_JONATHAN_N,Bachelorette,4,0,
194,06_JOHN_C,Bachelorette,3,0,
195,06_STEVE_K,Bachelorette,3,0,
196,06_HUNTER_W,Bachelorette,3,0,70.0
197,06_CHRIS_H,Bachelorette,2,0,
198,06_CRAIG_M,Bachelorette,2,0,
199,06_TYLER_V,Bachelorette,2,0,
200,06_DEREK_X,Bachelorette,1,0,
201,06_DERRICK_S,Bachelorette,1,0,
202,06_JASON_W,Bachelorette,1,0,
203,06_JAY_R,Bachelorette,1,0,
204,06_JOHN_N,Bachelorette,1,0,
205,06_KYLE_H,Bachelorette,1,0,
206,06_PHIL_K,Bachelorette,1,0,
207,06_TYLER_M,Bachelorette,1,0,
208,05_ED_S,Bachelorette,0,0,70.0
209,05_KIPTYN_L,Bachelorette,10,0,60.0
210,05_REID_R,Bachelorette,9,0,40.0
211,05_WES_H,Bachelorette,8,0,30.0
212,05_JESSE_K,Bachelorette,7,0,50.0
213,05_MICHAEL_S,Bachelorette,7,0,50.0
214,05_JAKE_P,Bachelorette,6,0,80.0
215,05_TANNER_P,Bachelorette,6,0,
216,05_ROBBY_D,Bachelorette,6,0,40.0
217,05_MARK_H,Bachelorette,5,0,
218,05_DAVID_G,Bachelorette,4,1,
219,05_JUAN_B,Bachelorette,4,0,
220,05_MIKE_S,Bachelorette,4,0,
221,05_BRAD_S,Bachelorette,3,0,
222,05_TANNER_F,Bachelorette,3,0,
223,05_SASHA_P,Bachelorette,3,0,70.0
224,05_BRIAN_D,Bachelorette,2,0,
225,05_JULIEN_H,Bachelorette,2,0,
226,05_MATHUE_J,Bachelorette,2,0,
227,05_SIMON_A,Bachelorette,2,0,
228,05_ADAM_D,Bachelorette,1,0,
229,05_BRIAN_V,Bachelorette,1,0,
230,05_BRYCE_H,Bachelorette,1,0,
231,05_CALEB_K,Bachelorette,1,0,
232,05_GREG_B,Bachelorette,1,0,
233,05_JOHN_H,Bachelorette,1,0,
234,05_JOHN_P,Bachelorette,1,0,
235,05_JOSH_Y,Bachelorette,1,0,
236,05_KYLE_Y,Bachelorette,1,0,
237,05_STEPHEN_R,Bachelorette,1,0,
238,04_JESSE_C,Bachelorette,0,1,50.0
239,04_JASON_M,Bachelorette,8,0,62.5
240,04_JEREMY_A,Bachelorette,7,1,37.5
241,04_GRAHAM_B,Bachelorette,6,0,75.0
242,04_SEAN_R,Bachelorette,5,0,37.5
243,04_BLAINE_T,Bachelorette,5,0,
244,04_BRIAN_T,Bachelorette,4,0,
245,04_FREDERICK_G,Bachelorette,4,0,
246,04_ROBERT_F,Bachelorette,4,0,
247,04_PAUL_B,Bachelorette,3,0,
248,04_RONALD_M,Bachelorette,3,0,
249,04_RICHARD_M,Bachelorette,3,1,62.5
250,04_CHRISTOPHER_B,Bachelorette,2,0,
251,04_ERIC_P,Bachelorette,2,0,
252,04_RYAN_H,Bachelorette,2,0,
253,04_BRIAN_W,Bachelorette,1,0,
254,04_CHANDLER_F,Bachelorette,1,0,
255,04_DONATO_C,Bachelorette,1,0,
256,04_GREGORY_M,Bachelorette,1,0,
257,04_JEFFREY_H,Bachelorette,1,0,
258,04_JONATHAN_K,Bachelorette,1,0,
259,04_LUKE_H,Bachelorette,1,0,
260,04_PATRICK_C,Bachelorette,1,0,
261,04_PATRICK_D,Bachelorette,1,0,
262,04_SPERO_S,Bachelorette,1,0,
263,03_JERRY_F,Bachelorette,0,0,50.0
264,03_JOHN PAUL_M,Bachelorette,7,0,62.5
265,03_RYAN_SH,Bachelorette,6,0,50.0
266,03_WENDELL_J,Bachelorette,5,0,37.5
267,03_FABRICE_L,Bachelorette,4,0,62.5
268,03_BEN_S,Bachelorette,4,0,
269,03_JOSH_C,Bachelorette,3,0,
270,03_KEITH,Bachelorette,3,1,75.0
271,03_A.W.,Bachelorette,2,0,
272,03_JASON_I,Bachelorette,2,0,
273,03_MARK,Bachelorette,2,0,
274,03_MATT_M,Bachelorette,2,0,
275,03_MICHAEL_F,Bachelorette,2,0,
276,03_RYAN_SM,Bachelorette,2,0,
277,03_STU_L,Bachelorette,2,0,
278,03_ANDREW,Bachelorette,1,0,
279,03_ANDY_L,Bachelorette,1,0,
280,03_CHRIS_M,Bachelorette,1,0,
281,03_CHRIS_C,Bachelorette,1,0,
282,03_COLLIN_E,Bachelorette,1,0,
283,03_DAVID_V,Bachelorette,1,0,
284,03_ERIC_H,Bachelorette,1,0,
285,03_ERIC_T,Bachelorette,1,0,
286,03_KEVIN,Bachelorette,1,0,
287,03_MATT_L,Bachelorette,1,0,
288,02_IAN_M,Bachelorette,0,0,57.14285714285714
289,02_MATTHEW_H,Bachelorette,7,0,42.857142857142854
290,02_CHAD_X,Bachelorette,6,0,42.857142857142854
291,02_LANNY_X,Bachelorette,5,0,42.857142857142854
292,02_BRAD_X,Bachelorette,4,0,
293,02_RYAN_M,Bachelorette,4,0,
294,02_SEAN_X,Bachelorette,4,0,
295,02_RICK_X,Bachelorette,3,0,71.42857142857143
296,02_RYAN_R,Bachelorette,3,0,
297,02_TODD_X,Bachelorette,3,0,
298,02_DAMON_X,Bachelorette,2,0,
299,02_ELIOT_X,Bachelorette,2,0,
300,02_HAROLD_H,Bachelorette,2,0,
301,02_MARCUS_X,Bachelorette,2,0,
302,02_ROBERT_X,Bachelorette,2,0,
303,02_AARON_X,Bachelorette,1,0,
304,02_ANDY_C,Bachelorette,1,0,
305,02_ANSELM_C,Bachelorette,1,0,
306,02_BRIAN_X,Bachelorette,1,0,
307,02_CHRIS_X,Bachelorette,1,0,
308,02_CORY_H,Bachelorette,1,0,
309,02_JEFF_O,Bachelorette,1,0,
310,02_JUSTIN_X,Bachelorette,1,0,
311,02_KEITH_X,Bachelorette,1,0,
312,02_TREVER_X,Bachelorette,1,0,
313,01_RYAN_S,Bachelorette,0,0,50.0
314,01_CHARLIE_M,Bachelorette,6,0,50.0
315,01_RUSS_X,Bachelorette,5,0,50.0
316,01_GREG_T,Bachelorette,4,0,33.33333333333333
317,01_BOB_G,Bachelorette,3,0,
318,01_JAMIE_B,Bachelorette,3,0,
319,01_MIKE_X,Bachelorette,3,0,
320,01_ROB_X,Bachelorette,3,0,
321,01_BRIAN_C,Bachelorette,2,0,
322,01_BRIAN_S,Bachelorette,2,0,
323,01_BROOK_X,Bachelorette,2,0,
324,01_JACK_X,Bachelorette,2,0,
325,01_JEFF_X,Bachelorette,2,0,
326,01_JOSH_X,Bachelorette,2,0,
327,01_BRIAN_H,Bachelorette,2,0,
328,01_BILLY_X,Bachelorette,1,0,
329,01_BRIAN_K,Bachelorette,1,0,
330,01_CHRIS_X,Bachelorette,1,0,
331,01_DUANE_X,Bachelorette,1,0,
332,01_ERIC_X,Bachelorette,1,0,
333,01_GREGG_H,Bachelorette,1,0,
334,01_MATT_X,Bachelorette,1,0,
335,01_PAUL_X,Bachelorette,1,0,
336,01_PETER_X,Bachelorette,1,0,
337,01_WAYNE_X,Bachelorette,1,0,
338,21_VANESSA_G,Bachelor,0,1,70.0
339,21_RAVEN_G,Bachelor,10,0,60.0
340,21_RACHEL_L,Bachelor,9,0,50.0
341,21_CORRINE_O,Bachelor,8,0,20.0
342,21_KRISTINA_S,Bachelor,7,0,40.0
343,21_DANIELLE_M,Bachelor,7,0,80.0
344,21_DANIELLE_L,Bachelor,6,0,60.0
345,21_WHITNEY_F,Bachelor,6,0,
346,21_JASMINE_G,Bachelor,6,0,
347,21_JAIMI_K,Bachelor,5,0,
348,21_JOSEPHINE_T,Bachelor,5,0,
349,21_ALEXIS_W,Bachelor,5,0,
350,21_TAYLOR_N,Bachelor,5,0,
351,21_ASTRID_L,Bachelor,4,0,
352,21_SARAH_V,Bachelor,4,0,
353,21_BRITTANY_F,Bachelor,3,0,
354,21_CHRISTEN_W,Bachelor,3,0,
355,21_DOMINIQUE_A,Bachelor,3,0,
356,21_LACEY_M,Bachelor,2,0,
357,21_HAILEY_M,Bachelor,2,0,
358,21_ELIZABETH_W,Bachelor,2,0,
359,21_LIZ_S,Bachelor,2,0,
360,21_ANGELA_A,Bachelor,1,0,
361,21_JASMINE_B,Bachelor,1,0,
362,21_OLIVIA_B,Bachelor,1,0,
363,21_IDA_D,Bachelor,1,0,
364,21_BRIANA_G,Bachelor,1,0,
365,21_LAUREN_H,Bachelor,1,0,
366,21_SUSANNAH_M,Bachelor,1,0,
367,21_MICHELLE_R,Bachelor,1,0,
368,20_LAUREN_B,Bachelor,0,0,70.0
369,20_JOJO_F,Bachelor,10,0,60.0
370,20_CAILA_Q,Bachelor,9,0,80.0
371,20_AMANDA_S,Bachelor,8,0,50.0
372,20_BECCA_T,Bachelor,7,0,60.0
373,20_EMILY_F,Bachelor,7,0,30.0
374,20_LAUREN_H,Bachelor,6,0,50.0
375,20_OLIVIA_C,Bachelor,6,1,
376,20_LEAH_B,Bachelor,6,0,
377,20_JENNIFER_S,Bachelor,5,0,
378,20_JUBILEE_S,Bachelor,5,0,70.0
379,20_AMBER_J,Bachelor,4,0,
380,20_RACHEL_T,Bachelor,4,0,
381,20_HAYLEY_F,Bachelor,4,0,
382,20_JAMI_L,Bachelor,3,0,
383,20_SHUSHANNA_M,Bachelor,3,0,
384,20_LACE_M,Bachelor,3,0,
385,20_JACKIE_D,Bachelor,2,0,
386,20_MANDI_K,Bachelor,2,0,
387,20_SAMANTHA_P,Bachelor,2,0,
388,20_LB_B,Bachelor,2,0,
389,20_LAURA_E,Bachelor,1,0,
390,20_IZZY_G,Bachelor,1,0,
391,20_MAEGAN_M,Bachelor,1,0,
392,20_JESSICA_M,Bachelor,1,0,
393,20_BREANNE_R,Bachelor,1,0,
394,20_LAUREN_R,Bachelor,1,0,
395,20_TIARA_S,Bachelor,1,0,
396,19_WHITNEY_B,Bachelor,0,0,70.0
397,19_BECCA_T,Bachelor,10,0,40.0
398,19_KAITLYN_B,Bachelor,9,0,70.0
399,19_JADE_R,Bachelor,8,0,60.0
400,19_CARLY_W,Bachelor,7,0,50.0
401,19_BRITT_N,Bachelor,7,1,50.0
402,19_MEGAN_B,Bachelor,6,0,80.0
403,19_KELSEY_P,Bachelor,6,0,
404,19_ASHLEY_I,Bachelor,6,0,
405,19_MACKENZIE_D,Bachelor,5,0,
406,19_SAMANTHA_S,Bachelor,5,0,
407,19_ASHLEY_S,Bachelor,4,0,
408,19_JUELIA_K,Bachelor,4,0,
409,19_NIKKI_D,Bachelor,4,0,
410,19_JILIAN_A,Bachelor,4,0,
411,19_AMBER_J,Bachelor,3,0,
412,19_TRACY_D,Bachelor,3,0,
413,19_TRINA_S,Bachelor,3,0,
414,19_ALISSA_G,Bachelor,2,0,
415,19_JORDAN_B,Bachelor,2,0,
416,19_KIMBERLY_S,Bachelor,1,0,
417,19_TANDRA_S,Bachelor,2,0,
418,19_TARA_E,Bachelor,2,0,
419,19_AMANDA_G,Bachelor,1,0,
420,19_BO_S,Bachelor,1,0,
421,19_BRITTANY_F,Bachelor,1,0,
422,19_KARA_W,Bachelor,1,0,
423,19_MICHELLE_D,Bachelor,1,0,
424,19_NICOLE_M,Bachelor,1,0,
425,19_REEGAN_C,Bachelor,1,0,
426,18_NIKKI_F,Bachelor,0,0,50.0
427,18_CLARE_C,Bachelor,10,0,80.0
428,18_ANDI_D,Bachelor,9,0,40.0
429,18_RENEE_O,Bachelor,8,0,50.0
430,18_CHELSIE_W,Bachelor,7,0,70.0
431,18_SHARLEEN_J,Bachelor,7,1,60.0
432,18_KAT_H,Bachelor,6,0,80.0
433,18_CASSANDRA_F,Bachelor,6,0,70.0
434,18_ALLI_R,Bachelor,5,0,
435,18_DANIELLE_R,Bachelor,5,0,
436,18_KELLY_T,Bachelor,5,0,
437,18_ELISE_M,Bachelor,4,0,
438,18_LAUREN_S,Bachelor,4,0,
439,18_CHRISTY_H,Bachelor,3,0,
440,18_LUCY_A,Bachelor,3,0,
441,18_AMY_L,Bachelor,2,0,
442,18_CHANTEL_F,Bachelor,2,0,
443,18_VICTORIA_L,Bachelor,2,0,
444,18_ALEXIS_M,Bachelor,1,0,
445,18_AMY_J,Bachelor,1,0,
446,18_ASHLEY_P,Bachelor,1,0,
447,18_CHRISTINE_L,Bachelor,1,0,
448,18_KYLIE_L,Bachelor,1,0,
449,18_LACY_F,Bachelor,1,0,
450,18_LAUREN_H,Bachelor,1,0,
451,18_MAGGIE_G,Bachelor,1,0,
452,18_VALERIE_E,Bachelor,1,0,
453,17_CATHERINE_G,Bachelor,0,1,40.0
454,17_LINDSAY_Y,Bachelor,10,0,50.0
455,17_ASHLEE_F,Bachelor,9,1,70.0
456,17_DESIREE_H,Bachelor,8,1,80.0
457,17_LESLEY_M,Bachelor,7,0,70.0
458,17_TIERRA_L,Bachelor,7,1,
459,17_DANIELLA_M,Bachelor,6,0,
460,17_SLEMA_A,Bachelor,6,1,60.0
461,17_SARAH_H,Bachelor,6,1,80.0
462,17_ROBYN_H,Bachelor,5,1,
463,17_JACKIE_[,Bachelor,5,1,
464,17_AMANDA_M,Bachelor,4,0,
465,17_LESLIE_H,Bachelor,4,1,60.0
466,17_KRISTY_K,Bachelor,3,0,
467,17_TARYN_D,Bachelor,3,0,
468,17_KACIE_B,Bachelor,3,0,
469,17_BROOKE_B,Bachelor,2,1,
470,17_DIANA_W,Bachelor,2,1,
471,17_LATIE_L,Bachelor,2,1,
472,17_ASHLEY_H,Bachelor,1,0,
473,17_ASHLEY_P,Bachelor,1,0,
474,17_KELLY_D,Bachelor,1,0,
475,17_KERIANN_M,Bachelor,1,0,
476,17_LACEY_L,Bachelor,1,0,
477,17_LAUREN_M,Bachelor,1,0,
478,17_PAIGE_V,Bachelor,1,0,
479,16_COURTNEY_R,Bachelor,0,0,80.0
480,16_LINDZI_C,Bachelor,10,1,70.0
481,16_NICKI_S,Bachelor,9,0,50.0
482,16_KACIE_B,Bachelor,8,0,80.0
483,16_EMILY_O,Bachelor,7,0,70.0
484,16_RACHEL_T,Bachelor,7,0,60.0
485,16_JAMIE_O,Bachelor,6,0,
486,16_CASEY_S,Bachelor,6,0,
487,16_BLAKELEY_J,Bachelor,6,0,
488,16_JENNIFER_F,Bachelor,5,0,60.0
489,16_ELYSE_M,Bachelor,5,0,50.0
490,16_MONICA_S,Bachelor,4,0,
491,16_SAMANTHA_L,Bachelor,4,0,
492,16_ERIKA_U,Bachelor,3,0,
493,16_JACLYN_S,Bachelor,3,0,
494,16_BRITTNEY_S,Bachelor,3,0,
495,16_JENNA_B,Bachelor,2,0,
496,16_SHAWN_R,Bachelor,2,0,
497,16_AMBER_B,Bachelor,1,0,
498,16_AMBER_T,Bachelor,1,0,
499,16_ANNA_S,Bachelor,1,0,
500,16_DIANNA_M,Bachelor,1,0,
501,16_HOLLY_J,Bachelor,1,0,
502,16_LYNDSIE_J,Bachelor,1,0,
503,16_SHIRA_A,Bachelor,1,0,
504,15_EMILY_M,Bachelor,0,0,70.0
505,15_CHANTAL_O,Bachelor,10,0,60.0
506,15_ASHLEU_H,Bachelor,9,0,80.0
507,15_SHAWNTEL_N,Bachelor,8,0,50.0
508,15_MICHELLE_M,Bachelor,7,0,60.0
509,15_BRITT_B,Bachelor,7,0,30.0
510,15_JACKIE_G,Bachelor,6,0,80.0
511,15_ALLI_T,Bachelor,6,0,40.0
512,15_LISA_M,Bachelor,5,0,
513,15_MARISSA_M,Bachelor,5,0,
514,15_ASHLEY_S,Bachelor,5,1,70.0
515,15_LINDSAY_H,Bachelor,4,0,
516,15_MEGHAN_M,Bachelor,4,0,
517,15_STACEY_Q,Bachelor,4,0,
518,15_KIMBERLY_C,Bachelor,3,0,
519,15_SARAH_P,Bachelor,3,0,
520,15_MADISON_G,Bachelor,3,0,
521,15_KELTIE_C,Bachelor,2,0,
522,15_MELISSA_S,Bachelor,2,0,
523,15_RAICHHEL_G,Bachelor,2,0,
524,15_BRITNEE_X,Bachelor,1,0,
525,15_CRISTY_C,Bachelor,1,0,
526,15_JESSICA_A,Bachelor,1,0,
527,15_KILL_R,Bachelor,1,0,
528,15_LACEY_G,Bachelor,1,0,
529,15_LAUREN_M,Bachelor,1,0,
530,15_LISA_P,Bachelor,1,0,
531,15_REBECCA_X,Bachelor,1,0,
532,15_RENEE_H,Bachelor,1,0,
533,15_SARAH_L,Bachelor,1,0,
534,14_VIENNA_G,Bachelor,0,0,62.5
535,14_TENLEY_M,Bachelor,8,1,37.5
536,14_GIA_A,Bachelor,7,0,50.0
537,14_ALI_F,Bachelor,6,0,75.0
538,14_CORRIE_A,Bachelor,5,0,37.5
539,14_ASHLEIGH_H,Bachelor,4,0,
540,14_JESSIE_S,Bachelor,4,0,
541,14_KATHRYN_S,Bachelor,4,0,
542,14_ELLA_N,Bachelor,4,0,62.5
543,14_ELIZABETH_KI,Bachelor,3,0,
544,14_VALISHIA_S,Bachelor,3,0,
545,14_MICHELLE K,Bachelor,3,0,
546,14_ASHLEY_E,Bachelor,2,0,
547,14_CRISTINA_M,Bachelor,2,0,
548,14_ROZLYN_P,Bachelor,2,0,
549,14_LEX_M,Bachelor,1,0,
550,14_CAITLYN_M,Bachelor,1,0,
551,14_CHANNY_C,Bachelor,1,0,
552,14_ELIZABETH_KR,Bachelor,1,0,
553,14_EMILY_H,Bachelor,1,0,
554,14_KIMBERLY_S,Bachelor,1,0,
555,14_KIRSTEN_P,Bachelor,1,0,
556,14_SHEILA_L,Bachelor,1,0,
557,14_STEPHANIE_M,Bachelor,1,0,
558,14_TIANA_K,Bachelor,1,0,
559,13_MELISSA_R,Bachelor,0,0,75.0
560,13_MOLLY_M,Bachelor,8,0,50.0
561,13_JILLIAN_H,Bachelor,7,0,75.0
562,13_NAOMI_C,Bachelor,6,0,37.5
563,13_STEPHANIE_H,Bachelor,5,0,62.5
564,13_LAUREN_W,Bachelor,4,0,
565,13_MEGAN_P,Bachelor,4,0,
566,13_SHANNON_B,Bachelor,4,0,
567,13_NIKKI_K,Bachelor,4,1,
568,13_ERICA_D,Bachelor,3,0,
569,13_KARI_F,Bachelor,3,0,
570,13_NATALIE_G,Bachelor,3,0,62.5
571,13_RAQUEL_M,Bachelor,2,0,
572,13_SHARON_S,Bachelor,2,0,
573,13_LISA_G,Bachelor,2,0,
574,13_ANN_L,Bachelor,1,0,
575,13_DOMINIQUE_C,Bachelor,1,0,
576,13_EMILY_H,Bachelor,1,0,
577,13_JACKIE_H,Bachelor,1,0,
578,13_JULIE_D,Bachelor,1,0,
579,13_NICOLE_M,Bachelor,1,0,
580,13_RENEE_S,Bachelor,1,0,
581,13_SHELBY_G,Bachelor,1,0,
582,13_STACIA_M,Bachelor,1,0,
583,13_TREASURE_M,Bachelor,1,0,
584,12_SHAYNE_L,Bachelor,0,0,62.5
585,12_CHELSEA_W,Bachelor,8,0,37.5
586,12_AMANDA_R,Bachelor,7,1,50.0
587,12_NOELLE_D,Bachelor,6,0,37.5
588,12_MARSHANA_R,Bachelor,5,0,
589,12_ROBIN_C,Bachelor,5,0,
590,12_ASHLEE_W,Bachelor,4,0,
591,12_KELLY_D,Bachelor,4,0,
592,12_HOLLY_D,Bachelor,4,0,62.5
593,12_AMY_R,Bachelor,3,0,
594,12_ERIN_S,Bachelor,3,0,
595,12_KRISTINE_H,Bachelor,3,0,
596,12_CARRI_P,Bachelor,2,0,
597,12_ERIN_H,Bachelor,2,0,
598,12_MICHELLE_P,Bachelor,2,0,
599,12_ALYSSA_G,Bachelor,1,0,
600,12_AMANDA_P,Bachelor,1,0,
601,12_DENISE_H,Bachelor,1,0,
602,12_DEVON_A,Bachelor,1,0,
603,12_LESLEY_G,Bachelor,1,0,
604,12_MICHELE_R,Bachelor,1,0,
605,12_REBECCA_L,Bachelor,1,0,
606,12_STACEY_E,Bachelor,1,0,
607,12_TAMARA_S,Bachelor,1,0,
608,12_TIFFANY_T,Bachelor,1,0,
609,11_DEANNA_P,Bachelor,8,0,25.0
610,11_JENNI_C,Bachelor,8,1,50.0
611,11_BETTINA_B,Bachelor,7,0,37.5
612,11_SHEENA_S,Bachelor,6,0,37.5
613,11_HILARY_R,Bachelor,5,0,62.5
614,11_KRISTY_K,Bachelor,5,0,
615,11_STEPHY_K,Bachelor,4,0,
616,11_JADE_B,Bachelor,4,0,
617,11_MCCARTEN_D,Bachelor,4,0,
618,11_LINDSEY_H,Bachelor,3,0,
619,11_SARAH_N,Bachelor,3,0,
620,11_SOLISA_S,Bachelor,3,0,
621,11_MICHELE_L,Bachelor,2,0,
622,11_MALLORY_S,Bachelor,2,0,
623,11_ERIN_G,Bachelor,2,0,
624,11_JESSICA_K,Bachelor,1,0,
625,11_JULI_G,Bachelor,1,0,
626,11_KIM_O,Bachelor,1,0,
627,11_LORI_L,Bachelor,1,0,
628,11_MELISSA_B,Bachelor,1,0,
629,11_MORGAN_B,Bachelor,1,0,
630,11_NATALIE_V,Bachelor,1,0,
631,11_REGINA_D,Bachelor,1,0,
632,11_TAUNI_N,Bachelor,1,0,
633,11_SUSAN_S,Bachelor,1,0,
634,10_TESSA_H,Bachelor,0,0,37.5
635,10_BEVIN_P,Bachelor,8,0,25.0
636,10_DANIELLE_I,Bachelor,7,0,25.0
637,10_AMBER_A,Bachelor,6,0,50.0
638,10_STEPHANIE_W,Bachelor,5,0,37.5
639,10_TINA_W,Bachelor,5,0,
640,10_KATE_B,Bachelor,4,0,
641,10_NICOLE_C,Bachelor,4,0,
642,10_STEPHANIE_T,Bachelor,4,1,75.0
643,10_AMANDA_H,Bachelor,3,0,
644,10_ERIN_P,Bachelor,3,0,
645,10_PEYTON_W,Bachelor,3,0,
646,10_ALEXIS_Y,Bachelor,2,0,
647,10_SUSAN_A,Bachelor,2,0,
648,10_TIFFANY_W,Bachelor,2,0,
649,10_BLAKENEY_R,Bachelor,1,0,
650,10_CANDICE_D,Bachelor,1,0,
651,10_CATHERINE_W,Bachelor,1,0,
652,10_DANIELLE_V,Bachelor,1,0,
653,10_JACKIE_T,Bachelor,1,0,
654,10_JEANETTE_A,Bachelor,1,0,
655,10_JESSICA_D,Bachelor,1,0,
656,10_LINDA_M,Bachelor,1,0,
657,10_LINDSAY_S,Bachelor,1,0,
658,10_TIFFANY_F,Bachelor,1,0,
659,09_JENNIFER_W,Bachelor,0,0,42.857142857142854
660,09_SADIE_M,Bachelor,7,0,42.857142857142854
661,09_LISA_B,Bachelor,6,1,71.42857142857143
662,09_AGNESE_P,Bachelor,5,0,28.57142857142857
663,09_JEANETTE_P,Bachelor,4,0,
664,09_DESIREE_V,Bachelor,4,0,
665,09_JAMI_M,Bachelor,3,0,57.14285714285714
666,09_GINA_C,Bachelor,3,0,
667,09_ERICA_R,Bachelor,3,0,
668,09_SARAH_S,Bachelor,2,0,
669,09_KIM_J,Bachelor,2,0,
670,09_ELLEN_D,Bachelor,2,0,
671,09_TARA_D,Bachelor,1,0,
672,09_ROSELLA_F,Bachelor,1,0,
673,09_RITA_G,Bachelor,1,0,
674,09_RENEE_S,Bachelor,1,0,
675,09_MERI_B,Bachelor,1,0,
676,09_LAURA_M,Bachelor,1,0,
677,09_JESSICA_H,Bachelor,1,0,
678,09_HEATHER_S,Bachelor,1,0,
679,09_ELYSE_H,Bachelor,1,0,
680,09_COSETTA_B,Bachelor,1,0,
681,09_CLAUDIA_G,Bachelor,1,0,
682,09_CARISSA_I,Bachelor,1,0,
683,09_BOWE_N,Bachelor,1,0,
684,09_ANDREA_S,Bachelor,1,0,
685,09_APRIL_J,Bachelor,1,0,
686,08_Sarah_S,Bachelor,0,0,42.857142857142854
687,08_Moana,Bachelor,7,0,28.57142857142857
688,08_Susan,Bachelor,6,0,57.14285714285714
689,08_Sarah_B,Bachelor,5,0,28.57142857142857
690,08_Jehan,Bachelor,4,0,42.857142857142854
691,08_Tara,Bachelor,4,0,
692,08_Jennifer,Bachelor,3,0,
693,08_Shiloh,Bachelor,3,0,
694,08_Cole,Bachelor,2,0,
695,08_Yvonne,Bachelor,2,0,
696,08_Elizabeth,Bachelor,2,0,
697,08_Kristen,Bachelor,2,0,
698,08_Stephanie,Bachelor,1,0,
699,08_Ali_D,Bachelor,1,0,
700,08_Allie_G,Bachelor,1,0,
701,08_April,Bachelor,1,0,
702,08_Cortney,Bachelor,1,0,
703,08_Jaime,Bachelor,1,0,
704,08_Kathy,Bachelor,1,0,
705,08_Kyle,Bachelor,1,0,
706,08_Lisa,Bachelor,1,0,
707,08_Liza,Bachelor,1,0,
708,08_Princess,Bachelor,1,0,
709,08_Sara_H,Bachelor,1,0,
710,08_Venus,Bachelor,1,0,
711,07_Sarah B.,Bachelor,0,0,42.857142857142854
712,07_Krisily,Bachelor,7,0,28.57142857142857
713,07_Sarah W.,Bachelor,6,1,71.42857142857143
714,07_Kimberly,Bachelor,5,0,57.14285714285714
715,07_Anitra,Bachelor,4,0,
716,07_Kindle,Bachelor,4,0,
717,07_Kara,Bachelor,3,0,57.14285714285714
718,07_Jenny,Bachelor,3,0,
719,07_Kerry,Bachelor,2,1,
720,07_Carrie,Bachelor,2,0,
721,07_Gina Marie,Bachelor,2,0,
722,07_Megan,Bachelor,2,0,71.42857142857143
723,07_Brenda,Bachelor,1,0,
724,07_Kristina,Bachelor,1,0,
725,07_Debby,Bachelor,1,0,
726,07_Katie,Bachelor,1,0,
727,07_Heather,Bachelor,1,0,
728,07_Kristen,Bachelor,1,0,
729,07_Kyshawn,Bachelor,1,0,
730,07_Siomara,Bachelor,1,0,
731,07_Emilie,Bachelor,1,0,
732,07_Kristine,Bachelor,1,0,
733,07_Geitan,Bachelor,1,0,
734,07_Valerie,Bachelor,1,0,
735,07_Danushka,Bachelor,1,0,
736,06_Mary,Bachelor,0,0,37.5
737,06_Tanya,Bachelor,8,0,50.0
738,06_Cynthia,Bachelor,7,0,37.5
739,06_Cheresse,Bachelor,6,0,75.0
740,06_Andrea,Bachelor,5,0,62.5
741,06_Jayne,Bachelor,5,0,75.0
742,06_Krysta,Bachelor,4,0,
743,06_Elizabeth,Bachelor,4,0,50.0
744,06_Amanda,Bachelor,3,0,
745,06_Kristie,Bachelor,3,0,
746,06_Susie,Bachelor,3,0,
747,06_Heather,Bachelor,3,0,
748,06_Wende,Bachelor,2,0,
749,06_Natalie,Bachelor,2,0,
750,06_Ashley,Bachelor,2,0,
751,06_Kelley,Bachelor,2,0,
752,06_Leina,Bachelor,2,0,
753,06_Carolyn,Bachelor,1,0,
754,06_Amy,Bachelor,1,0,
755,06_Lisa,Bachelor,1,0,
756,06_Nicole,Bachelor,1,0,
757,06_Kerry,Bachelor,1,0,
758,06_Alma,Bachelor,1,0,
759,06_Kristin,Bachelor,1,0,
760,06_Jennifer,Bachelor,1,0,
761,06_Abby,Bachelor,1,0,
762,06_Melinda,Bachelor,1,0,
763,05_JESSICA_B,Bachelor,0,0,42.857142857142854
764,05_TARA_H,Bachelor,7,0,57.14285714285714
765,05_MANDY_J,Bachelor,6,0,42.857142857142854
766,05_TRISH_S,Bachelor,5,1,71.42857142857143
767,05_SUZIE_W,Bachelor,4,0,57.14285714285714
768,05_KAREN_L,Bachelor,4,0,
769,05_JESSICA_H,Bachelor,3,0,
770,05_JULIE_D,Bachelor,3,0,
771,05_JENNY_S,Bachelor,3,0,
772,05_KATIE_G,Bachelor,3,0,
773,05_JEANMARIE_C,Bachelor,2,0,
774,05_ANNECATHERINE_L,Bachelor,2,0,
775,05_AMBER_L,Bachelor,2,0,
776,05_MANDY_C,Bachelor,2,0,
777,05_KRISTY_R,Bachelor,2,0,
778,05_CELESTE_C,Bachelor,2,0,
779,05_JENNY_M,Bachelor,1,0,
780,05_DEBBIE_M,Bachelor,1,0,
781,05_DOLORES_F,Bachelor,1,0,
782,05_FRANCINE_J,Bachelor,1,0,
783,05_DESHAUN_W,Bachelor,1,0,
784,05_JESSICA_K,Bachelor,1,0,
785,05_HOLLY_R,Bachelor,1,0,
786,05_RACHEL_C,Bachelor,1,0,
787,05_KRISTIN_C,Bachelor,1,0,
788,04_Kelly-Jo,Bachelor,7,0,42.857142857142854
789,04_Estella,Bachelor,0,0,42.857142857142854
790,04_Mary,Bachelor,6,0,42.857142857142854
791,04_Meredith,Bachelor,5,0,57.14285714285714
792,04_Brooke,Bachelor,4,0,
793,04_Lee-Ann,Bachelor,4,0,57.14285714285714
794,04_Misty,Bachelor,3,0,
795,04_Karin,Bachelor,3,0,
796,04_Jenny,Bachelor,3,0,
797,04_Antoinette,Bachelor,3,0,
798,04_Lindsay_clippers,Bachelor,2,0,
799,04_Lindsay,Bachelor,2,0,
800,04_Lanah,Bachelor,2,0,
801,04_Jenn,Bachelor,2,0,
802,04_Christine,Bachelor,2,0,
803,04_Darla,Bachelor,1,0,
804,04_Stacey,Bachelor,1,0,
805,04_Shea,Bachelor,1,0,
806,04_Heather,Bachelor,1,0,
807,04_Lauren,Bachelor,1,0,
808,04_Kristi,Bachelor,1,0,
809,04_Samentha,Bachelor,1,0,
810,04_Leona,Bachelor,1,0,
811,04_Julie,Bachelor,1,0,
812,04_Shelly,Bachelor,1,0,
813,03_JEN_X,Bachelor,0,0,42.857142857142854
814,03_KIRSTEN_X,Bachelor,7,0,57.14285714285714
815,03_TINA_X,Bachelor,6,0,28.57142857142857
816,03_CRISTINA_X,Bachelor,4,0,28.57142857142857
817,03_LIZ_X,Bachelor,4,0,
818,03_ANN_MICHELLE_X,Bachelor,4,0,42.857142857142854
819,03_AUDREE_X,Bachelor,3,0,
820,03_AMBER_X,Bachelor,3,0,57.14285714285714
821,03_HEATHER_X,Bachelor,3,0,
822,03_TINA_X,Bachelor,3,0,
823,03_RACHEL_X,Bachelor,2,0,
824,03_AMY_X,Bachelor,2,0,
825,03_SHANNON_X,Bachelor,2,0,
826,03_ELIZABETH_X,Bachelor,2,0,
827,03_CHRISTINA_X,Bachelor,2,0,
828,03_KERRI_X,Bachelor,1,0,
829,03_AMY_X,Bachelor,1,0,
830,03_JENNIFER_X,Bachelor,1,0,
831,03_COURTNEY_X,Bachelor,1,0,
832,03_ANGELA_X,Bachelor,1,0,
833,03_GINNY_X,Bachelor,1,0,
834,03_BROOKE_X,Bachelor,1,0,
835,03_STEPHANIE_X,Bachelor,1,0,
836,03_TIFFANY_X,Bachelor,1,0,
837,03_KRISTEN_X,Bachelor,1,0,
838,02_HELENE_E,Bachelor,0,0,57.14285714285714
839,02_BROOKE_S,Bachelor,7,0,57.14285714285714
840,02_GWEN_G,Bachelor,6,0,42.857142857142854
841,02_ANGELA_X,Bachelor,5,0,28.57142857142857
842,02_HAYLEY_X,Bachelor,4,0,
843,02_HEATHER_C,Bachelor,4,0,42.857142857142854
844,02_CHRISTI_X,Bachelor,3,0,
845,02_HEATHER_X,Bachelor,3,0,
846,02_KYLA_X,Bachelor,3,0,
847,02_SHANNON_X,Bachelor,3,0,
848,02_DANA_X,Bachelor,2,0,
849,02_ERIN_X,Bachelor,2,0,
850,02_SUZANNE_X,Bachelor,2,0,
851,02_FRANCES_X,Bachelor,2,0,
852,02_ANINDITA_X,Bachelor,2,0,
853,02_AMBER_X,Bachelor,1,0,
854,02_CAMILLE_X,Bachelor,1,0,
855,02_CARI_X,Bachelor,1,0,
856,02_CHRISTY_X,Bachelor,1,0,
857,02_ERIN_X,Bachelor,1,0,
858,02_FATIMA_X,Bachelor,1,0,
859,02_LIANGY_X,Bachelor,1,0,
860,02_LORI_X,Bachelor,1,0,
861,02_MERILEE_X,Bachelor,1,0,
862,01_AMANDA_M,Bachelor,0,0,50.0
863,01_TRISTA_R,Bachelor,6,0,50.0
864,01_SHANNON_O,Bachelor,5,0,50.0
865,01_KIM_X,Bachelor,4,0,33.33333333333333
866,01_CATHY_G,Bachelor,3,0,
867,01_CHRISTINA_X,Bachelor,3,0,
868,01_LANEASE_A,Bachelor,3,0,
869,01_RHONDA_X,Bachelor,3,0,
870,01_ALEXA_X,Bachelor,2,0,
871,01_AMY_X,Bachelor,2,0,
872,01_ANGELA_X,Bachelor,2,0,
873,01_ANGELIQUE_X,Bachelor,2,0,
874,01_KATIE_X,Bachelor,2,0,
875,01_MELISSA_X,Bachelor,2,0,
876,01_TINA_X,Bachelor,2,0,
877,01_AMBER_X,Bachelor,1,0,
878,01_DANIELA_X,Bachelor,1,0,
879,01_DENISE_X,Bachelor,1,0,
880,01_JACKIE_X,Bachelor,1,0,
881,01_JILL_X,Bachelor,1,0,
882,01_KRISTINA_X,Bachelor,1,0,
883,01_LISA_X,Bachelor,1,0,
884,01_PAULA_X,Bachelor,1,0,
885,01_RACHEL_X,Bachelor,1,0,
886,01_WENDI_X,Bachelor,1,0,
