,index,SHOW,SEASON,CONTESTANT,1,2,3,4,5,6,7,8,9,10,DATES-1,DATES-2,DATES-3,DATES-4,DATES-5,DATES-6,DATES-7,DATES-8,DATES-9,DATES-10,MAX_EPISODE
0,1,Bachelorette,13,13_BRYAN_A,R1,,,R,R,,R,,,W,,,D6,D13,D1,D7,D1,D1,D1,D1,10
1,2,Bachelorette,13,13_PETER_K,,R,,,,R,R,,,E,,D1,D6,D13,D9,D7,D1,D1,D1,D1,10
2,3,Bachelorette,13,13_ERIC_B,,,R,,,R,R,,E,,,D10,D8,D13,D9,D1,D3,D1,D1,,10
3,4,Bachelorette,13,13_DEAN_U,,R,,R,,,R,E,,,,D8,D8,D1,D9,D7,D1,D1,,,10
4,5,Bachelorette,13,13_ADAM_G,,,,,,,ED,,,,,D10,D8,D13,D9,D7,D3,,,,10
5,6,Bachelorette,13,13_MATT_M,,,,,,,ED,,,,,D10,,D13,D9,D7,D3,,,,10
6,7,Bachelorette,13,13_ALEX_B,,,R,,,E,,,,,,D10,D6,D13,D9,D7,,,,,10
7,8,Bachelorette,13,13_WILL_G,,,,,R,ED,,,,,,D10,D6,D13,D9,D1,,,,,10
8,9,Bachelorette,13,13_KENNY_L,,,,,R,ED,,,,,,D8,D8,D13,D2,D7,,,,,10
9,10,Bachelorette,13,13_ANTHONY_B,,,R,,E,,,,,,,,D1,D13,D9,,,,,,10
10,11,Bachelorette,13,13_JOSIAH_G,,R,,,E,,,,,,,D10,,D13,D9,,,,,,10
11,12,Bachelorette,13,13_LEE_G,,,,,ED,,,,,,,D10,D8,D13,D2,,,,,,10
12,13,Bachelorette,13,13_IGGY_R,,,,E,,,,,,,,D8,,D13,,,,,,,10
13,14,Bachelorette,13,13_JONATHAN_T,,,,E,,,,,,,,D8,D6,D13,,,,,,,10
14,15,Bachelorette,13,13_JACK_S,,,,ED,,,,,,,,D8,D8,D1,,,,,,,10
15,16,Bachelorette,13,13_BRADY_E,,,E,,,,,,,,,,D8,,,,,,,,10
16,17,Bachelorette,13,13_BRYCE_P,,,E,,,,,,,,,,D8,,,,,,,,10
17,18,Bachelorette,13,13_DIGGY_M,,,E,,,,,,,,,D10,,,,,,,,,10
18,19,Bachelorette,13,13_FRED_J,,,ED,,,,,,,,,D8,D6,,,,,,,,10
19,20,Bachelorette,13,13_BLAKE_E,,E,,,,,,,,,,D8,,,,,,,,,10
20,21,Bachelorette,13,13_JAMEY_K,,E,,,,,,,,,,D10,,,,,,,,,10
21,22,Bachelorette,13,13_LUCAS_Y,,E,,,,,,,,,,D8,,,,,,,,,10
22,23,Bachelorette,13,13_DEMARIO_J,,EU,,,,,,,,,,D10,,,,,,,,,10
23,24,Bachelorette,13,13_BLAKE_K,E,,,,,,,,,,,,,,,,,,,,10
24,25,Bachelorette,13,13_GRANT_H,E,,,,,,,,,,,,,,,,,,,,10
25,26,Bachelorette,13,13_JEDIDIAH_B,E,,,,,,,,,,,,,,,,,,,,10
26,27,Bachelorette,13,13_KYLE_S,E,,,,,,,,,,,,,,,,,,,,10
27,28,Bachelorette,13,13_MICHAEL_B,E,,,,,,,,,,,,,,,,,,,,10
28,29,Bachelorette,13,13_MILTON_L,E,,,,,,,,,,,,,,,,,,,,10
29,30,Bachelorette,13,13_MOHIT_S,E,,,,,,,,,,,,,,,,,,,,10
30,31,Bachelorette,13,13_ROB_H,E,,,,,,,,,,,,,,,,,,,,10
31,33,Bachelorette,12,12_JORDAN_R,R1,,,R,R,,,,,W,,D6,D12,D11,D1,D5,D1,D1,D1,D1,10
32,34,Bachelorette,12,12_ROBBY_H,,,,,R,,R,,,E,,D10,,D11,D9,D5,D3,D1,D1,D1,10
33,35,Bachelorette,12,12_CHASE_M,,,R,,,R,,,ED,,,,D1,D11,D9,D2,D3,D1,D1,,10
34,36,Bachelorette,12,12_LUKE_P,,,,R,,R,,E,,,,D10,,D1,D9,D5,D1,D1,,,10
35,37,Bachelorette,12,12_JAMES_T,,R,R,,,,E,,,,,D6,D1,D11,D9,D5,D3,,,,10
36,38,Bachelorette,12,12_ALEX_W,,,,R,,,ED,,,,,D6,D12,D2,D9,D5,D1,,,,10
37,39,Bachelorette,12,12_DEREK_P,,R,,,R,ED,,,,,,D1,,D11,D1,D2,,,,,10
38,40,Bachelorette,12,12_WELLS_A,,R,,,,ED,,,,,,D10,D12,D11,D9,D1,,,,,10
39,41,Bachelorette,12,12_VINCENT_V,,,,,E,,,,,,,D10,D12,D11,D9,,,,,,10
40,42,Bachelorette,12,12_GRANT_K,,,,,E,,,,,,,D10,D12,D11,D9,,,,,,10
41,43,Bachelorette,12,12_EVAN_B,,,R,,E,,,,,,,D10,D12,D11,D9,,,,,,10
42,44,Bachelorette,12,12_JAMES_F,,,,E,,,,,,,,D10,D12,D11,,,,,,,10
43,45,Bachelorette,12,12_DANIEL_M,,,,E,,,,,,,,D10,D12,D11,,,,,,,10
44,46,Bachelorette,12,12_CHAD_J,,,,ED,,,,,,,,D6,D12,D2,,,,,,,10
45,47,Bachelorette,12,12_NICK_B,,,E,,,,,,,,,D6,D12,,,,,,,,10
46,48,Bachelorette,12,12_CHRISTIAN_B,,,E,,,,,,,,,D6,D12,,,,,,,,10
47,49,Bachelorette,12,12_ALI_Z,,,E,,,,,,,,,D10,D12,,,,,,,,10
48,50,Bachelorette,12,12_WILL_H,,E,,,,,,,,,,D10,,,,,,,,,10
49,51,Bachelorette,12,12_JAMES_S,,E,,,,,,,,,,,,,,,,,,,10
50,52,Bachelorette,12,12_BRANDON_H,,E,,,,,,,,,,,,,,,,,,,10
51,53,Bachelorette,12,12_SAL_D,E,,,,,,,,,,,,,,,,,,,,10
52,54,Bachelorette,12,12_PETER_M,E,,,,,,,,,,,,,,,,,,,,10
53,55,Bachelorette,12,12_NICK_S,E,,,,,,,,,,,,,,,,,,,,10
54,56,Bachelorette,12,12_JONATHAN_H,E,,,,,,,,,,,,,,,,,,,,10
55,57,Bachelorette,12,12_JAKE_P,E,,,,,,,,,,,,,,,,,,,,10
56,58,Bachelorette,12,12_COLEY_K,E,,,,,,,,,,,,,,,,,,,,10
57,60,Bachelorette,11,11_SHAWN_B,R1,,R,,R,,,,W,,,,D6,D8,D1,,D3,D1,D1,,9
58,61,Bachelorette,11,11_NICK_V,,,,,R,R,,,E,,,,,,D9,D1,D3,D1,D1,,9
59,62,Bachelorette,11,11_BEN_H,,,R,,R,,,E,,,,D8,D6,D5,D1,D5,D1,D1,,,9
60,63,Bachelorette,11,11_JARED_H,,,,R,,R,E,,,,,D8,D6,D1,D9,D5,D1,D1,,,9
61,64,Bachelorette,11,11_JOE_B,,,,,,R,ED,,,,,D7,D6,D5,,D2,D3,,,,9
62,65,Bachelorette,11,11_CHRIS_S,,,,R,,,ED,,,,,D7,D6,D5,D9,D5,D1,,,,9
63,66,Bachelorette,11,11_BEN_Z,,R,R,,,E,,,,,,D8,D1,D8,D9,D5,,,,,9
64,67,Bachelorette,11,11_TANNER_T,,,,,,E,,,,,,D8,D6,D8,D9,D5,,,,,9
65,68,Bachelorette,11,11_JJ_L,,R,,,,ED,,,,,,D7,D6,D8,D9,D2,,,,,9
66,69,Bachelorette,11,11_JOSHUA_A,,,,,E,,,,,,,D7,D6,D5,D9,,,,,,9
67,70,Bachelorette,11,11_JUSTIN_R,,,,R,E,,,,,,,D8,,D8,D9,,,,,,9
68,71,Bachelorette,11,11_IAN_T,,,,,EQ,,,,,,,D7,,D5,D9,,,,,,9
69,72,Bachelorette,11,11_COREY_S,,,,E,,,,,,,,D8,,D8,,,,,,,9
70,73,Bachelorette,11,11_JONATHAN_H,,,,E,,,,,,,,D7,D6,D8,,,,,,,9
71,74,Bachelorette,11,11_RYAN_B,,,,E,,,,,,,,,D6,D8,,,,,,,9
72,75,Bachelorette,11,11_CLINT_A,,R,EU,,,,,,,,,D1,D6,,,,,,,,9
73,76,Bachelorette,11,11_TONY_H,,,EQ,,,,,,,,,D7,D6,,,,,,,,9
74,77,Bachelorette,11,11_CORY_S,,E,,,,,,,,,,,,,,,,,,,9
75,78,Bachelorette,11,11_DANIEL_F,,E,,,,,,,,,,D8,,,,,,,,,9
76,79,Bachelorette,11,11_KUPAH_J,,EU,,,,,,,,,,D8,,,,,,,,,9
77,80,Bachelorette,11,11_BRADLEY_C,E,,,,,,,,,,,,,,,,,,,,9
78,81,Bachelorette,11,11_DAVID_X,E,,,,,,,,,,,,,,,,,,,,9
79,82,Bachelorette,11,11_JOSH_S,E,,,,,,,,,,,,,,,,,,,,9
80,83,Bachelorette,11,11_SHAWN_E,E,,,,,,,,,,,,,,,,,,,,9
81,84,Bachelorette,11,11_BRADY_T,EQ,,,,,,,,,,,,,,,,,,,,9
82,85,Bachelorette,11,11_RYAN_M,EF,,,,,,,,,,,,,,,,,,,,9
83,87,Bachelorette,10,10_JOSH_M,,,R,,R,,,,,W,,D14,D12,,D1,D6,D1,D1,D1,D1,10
84,88,Bachelorette,10,10_NICK_V,R1,,R,,,R,R,,,EU,,,D1,D6,D9,D1,D4,D1,D1,D1,10
85,89,Bachelorette,10,10_CHRIS_S,,R,,,,R,,,ED,,,D1,,,D9,D6,D4,D1,D1,,10
86,90,Bachelorette,10,10_MARCUS_G,,R,,R,,,,E,,,,D14,D12,D1,D9,D6,D1,D1,,,10
87,91,Bachelorette,10,10_BRIAN_O,,,,R,R,,E,,,,,D14,D12,D6,D1,D6,D4,,,,10
88,92,Bachelorette,10,10_DYLAN_P,,,,R,,,E,,,,,D14,,D1,D9,D6,D4,,,,10
89,93,Bachelorette,10,10_JJ_O,,,R,,R,E,,,,,,,D1,,D9,D6,,,,,10
90,94,Bachelorette,10,10_CODY_S,,,,,,ED,,,,,,D14,D12,D6,D9,D1,,,,,10
91,95,Bachelorette,10,10_ANDREW_P,,,,,E,,,,,,,,D12,D6,D9,,,,,,10
92,96,Bachelorette,10,10_MARQUEL_M,,,,,E,,,,,,,D14,D12,D6,D9,,,,,,10
93,97,Bachelorette,10,10_PATRICK_J,,,,,E,,,,,,,D14,D12,,D9,,,,,,10
94,98,Bachelorette,10,10_TASOS_H,,,,E,,,,,,,,D14,D12,,,,,,,,10
95,99,Bachelorette,10,10_ERIC_H,,R,,EU,,,,,,,,D1,D12,D6,,,,,,,10
96,100,Bachelorette,10,10_BRADLEY_W,,,E,,,,,,,,,D14,D12,,,,,,,,10
97,101,Bachelorette,10,10_BRETT_M,,,E,,,,,,,,,D14,D12,,,,,,,,10
98,102,Bachelorette,10,10_RON_W,,,EQ,,,,,,,,,D14,D12,,,,,,,,10
99,103,Bachelorette,10,10_CARL_K,,E,,,,,,,,,,D14,,,,,,,,,10
100,104,Bachelorette,10,10_CRAIG_M,,E,,,,,,,,,,D14,,,,,,,,,10
101,105,Bachelorette,10,10_NICK_S,,E,,,,,,,,,,D14,,,,,,,,,10
102,106,Bachelorette,10,10_EMIL_S,E,,,,,,,,,,,,,,,,,,,,10
103,107,Bachelorette,10,10_JASON_L,E,,,,,,,,,,,,,,,,,,,,10
104,108,Bachelorette,10,10_JOSH_B,E,,,,,,,,,,,,,,,,,,,,10
105,109,Bachelorette,10,10_MIKE_C,E,,,,,,,,,,,,,,,,,,,,10
106,110,Bachelorette,10,10_RUDIE_D,E,,,,,,,,,,,,,,,,,,,,10
107,111,Bachelorette,10,10_STEVEN_W,E,,,,,,,,,,,,,,,,,,,,10
108,113,Bachelorette,09,09_CHRIS_S,,,R,,R,,,,,W,,,D10,D10,D1,D6,D1,D1,D1,D1,10
109,114,Bachelorette,09,09_DREW_K,R1,,,,,R,R,,,ED,,D14,D10,D10,D7,D1,D2,D1,D1,D1,10
110,115,Bachelorette,09,09_BROOKS_F,,R,,,R,,,,EQ,,,D1,D10,D10,D7,D6,D1,D1,,,10
111,116,Bachelorette,09,09_ZAK_W,R1,,,R,,R,,E,,,,D14,D5,D10,D7,D1,D2,D1,,,10
112,117,Bachelorette,09,09_MICHAEL_G,R1,,,,R,,E,,,,,D14,D10,D10,D2,D6,D1,,,,10
113,118,Bachelorette,09,09_JAMES_C,,,R,R,,E,,,,,,D14,D5,D1,D7,D6,,,,,10
114,119,Bachelorette,09,09_JUAN_G,,,,,,E,,,,,,D14,D5,D10,D7,D6,,,,,10
115,120,Bachelorette,09,09_KASEY_S,,,R,,,E,,,,,,D14,D1,D10,D7,D6,,,,,10
116,121,Bachelorette,09,09_MIKEY_T,,,,,E,,,,,,,D14,D10,D10,D7,,,,,,10
117,122,Bachelorette,09,09_BEN_S,R1,R,,,ED,,,,,,,D14,D10,D10,D2,,,,,,10
118,123,Bachelorette,09,09_BRYDEN_V,R1,R,,,EQ,,,,,,,D1,D5,D10,,,,,,,10
119,124,Bachelorette,09,09_ZACK_K,,,,E,,,,,,,,D14,D10,,,,,,,,10
120,125,Bachelorette,09,09_BRAD_M,,,,ED,,,,,,,,,D10,D1,,,,,,,10
121,126,Bachelorette,09,09_BRANDON_A,,,E,,,,,,,,,D14,D10,,,,,,,,10
122,127,Bachelorette,09,09_DAN_C,,,E,,,,,,,,,D14,D5,,,,,,,,10
123,128,Bachelorette,09,09_BRIAN_J,,,EF,,,,,,,,,D14,D10,,,,,,,,10
124,129,Bachelorette,09,09_NICK_M,R1,E,,,,,,,,,,D14,,,,,,,,,10
125,130,Bachelorette,09,09_ROBERT_G,,E,,,,,,,,,,,,,,,,,,,10
126,131,Bachelorette,09,09_WILL_R,,E,,,,,,,,,,D14,,,,,,,,,10
127,132,Bachelorette,09,09_DIOGO_C,E,,,,,,,,,,,,,,,,,,,,10
128,133,Bachelorette,09,09_LARRY_B,E,,,,,,,,,,,,,,,,,,,,10
129,134,Bachelorette,09,09_MICAH_X,E,,,,,,,,,,,,,,,,,,,,10
130,135,Bachelorette,09,09_MIKE_X,E,,,,,,,,,,,,,,,,,,,,10
131,136,Bachelorette,09,09_NICK_R,E,,,,,,,,,,,,,,,,,,,,10
132,137,Bachelorette,09,09_JONATHAN_V,EU,,,,,,,,,,,,,,,,,,,,10
133,139,Bachelorette,08,08_JEF_H,,R,,R,R,,,,,W,,D13,D12,D8,D1,D6,D1,D1,D1,D1,10
134,140,Bachelorette,08,08_ARIE_L,,,R,,,,,,,ED,,,D1,D8,D8,D6,D1,D1,D1,,10
135,141,Bachelorette,08,08_SEAN_L,,,R,,R,,R,,E,,,,D12,D8,D1,D6,D3,D1,D1,,10
136,142,Bachelorette,08,08_CHRIS_B,,,R,,,R,,E,,,,D13,D1,D8,D8,D6,D3,D1,,,10
137,143,Bachelorette,08,08_JOHN_W,,,,R,,,E,,,,,D13,D12,D2,D8,D6,D1,,,,10
138,144,Bachelorette,08,08_DOUG_C,R1,,,R,,,ED,,,,,,D12,D1,D8,D6,D3,,,,10
139,145,Bachelorette,08,08_RYAN_B,,R,,,,ED,,,,,,D1,D12,D8,D8,D1,,,,,10
140,146,Bachelorette,08,08_TRAVIS_P,,,,,,ED,,,,,,,D12,D8,D8,D1,,,,,10
141,147,Bachelorette,08,08_ALEJANDRO_V,,,,,E,,,,,,,D13,D12,,D8,,,,,,10
142,148,Bachelorette,08,08_KALON_M,,,,,ED,,,,,,,D13,,D8,D8,,,,,,10
143,149,Bachelorette,08,08_CHARLIE_G,,,,E,,,,,,,,D13,D12,D8,,,,,,,10
144,150,Bachelorette,08,08_MICHAEL_N,,,,E,,,,,,,,D13,D12,,,,,,,,10
145,151,Bachelorette,08,08_NATHAN_B,,,,ED,,,,,,,,D13,,D2,,,,,,,10
146,152,Bachelorette,08,08_STEVIE_A,,,E,,,,,,,,,D13,D12,,,,,,,,10
147,153,Bachelorette,08,08_ALESSANDRO_G,,,EU,,,,,,,,,D13,D12,,,,,,,,10
148,154,Bachelorette,08,08_TONY_P,,,ED,,,,,,,,,D13,D12,,,,,,,,10
149,155,Bachelorette,08,08_AARON_M,,E,,,,,,,,,,D13,,,,,,,,,10
150,156,Bachelorette,08,08_KYLE_D,,E,,,,,,,,,,D13,,,,,,,,,10
151,157,Bachelorette,08,08_JOE_G,,ED,,,,,,,,,,D1,,,,,,,,,10
152,158,Bachelorette,08,08_BRENT_R,E,,,,,,,,,,,,,,,,,,,,10
153,159,Bachelorette,08,08_DAVID_H,E,,,,,,,,,,,,,,,,,,,,10
154,160,Bachelorette,08,08_JACKSON_L,E,,,,,,,,,,,,,,,,,,,,10
155,161,Bachelorette,08,08_JEANPAUL_L,E,,,,,,,,,,,,,,,,,,,,10
156,162,Bachelorette,08,08_LERONE_A,E,,,,,,,,,,,,,,,,,,,,10
157,163,Bachelorette,08,08_RANDY_W,E,,,,,,,,,,,,,,,,,,,,10
158,165,Bachelorette,07,07_JP_R,,,R,,,R,R,,,W,,,D1,D10,D8,D1,D3,D1,D1,D1,10
159,166,Bachelorette,07,07_BEN_F,,,,R,R,,,,,E,,D6,D10,D10,D1,D6,D1,D1,D1,D1,10
160,167,Bachelorette,07,07_CONSTANTINE_T,,,,R,,,,,EQ,,,,,D1,D8,D6,D1,D1,D1,,10
161,168,Bachelorette,07,07_AMES_B,,,,R,,,,E,,,,,D10,D1,D8,D6,D3,D1,,,10
162,169,Bachelorette,07,07_LUCAS_D,,,,,,R,E,,,,,D6,D10,D10,D8,D1,D3,,,,10
163,170,Bachelorette,07,07_RYAN_P,R1,,R,,,R,ED,,,,,,D10,D10,D8,D6,D1,,,,10
164,171,Bachelorette,07,07_BLAKE_J,,,,,R,E,,,,,,D6,D10,D10,D8,D6,,,,,10
165,172,Bachelorette,07,07_RYAN_M,,R,,,,EQ,,,,,,D1,,D10,D8,D6,,,,,10
166,173,Bachelorette,07,07_NICK_P,,,,,E,,,,,,,D6,D10,D10,D8,,,,,,10
167,174,Bachelorette,07,07_WILLIAM_H,,R,,,ED,,,,,,,D1,D10,D10,D2,,,,,,10
168,175,Bachelorette,07,07_BEN_C,,,R,,ED,,,,,,,,D1,D10,D2,,,,,,10
169,176,Bachelorette,07,07_WEST_L,,,,E,,,,,,,,D6,,D10,,,,,,,10
170,177,Bachelorette,07,07_CHRIS_D,,,E,,,,,,,,,,D10,,,,,,,,10
171,178,Bachelorette,07,07_JEFF_M,,,E,,,,,,,,,,D10,,,,,,,,10
172,179,Bachelorette,07,07_BENTLEY_W,,R,EQ,,,,,,,,,D6,D10,,,,,,,,10
173,180,Bachelorette,07,07_MATT_C,,E,,,,,,,,,,,,,,,,,,,10
174,181,Bachelorette,07,07_RYAN_M,,E,,,,,,,,,,,,,,,,,,,10
175,182,Bachelorette,07,07_STEPHEN_D,,E,,,,,,,,,,,,,,,,,,,10
176,183,Bachelorette,07,07_ANTHONY_S,E,,,,,,,,,,,,,,,,,,,,10
177,184,Bachelorette,07,07_CHRIS_M,E,,,,,,,,,,,,,,,,,,,,10
178,185,Bachelorette,07,07_FRANK_C,E,,,,,,,,,,,,,,,,,,,,10
179,186,Bachelorette,07,07_JON_E,E,,,,,,,,,,,,,,,,,,,,10
180,187,Bachelorette,07,07_MICHAEL_B,E,,,,,,,,,,,,,,,,,,,,10
181,188,Bachelorette,07,07_ROB_D,E,,,,,,,,,,,,,,,,,,,,10
182,189,Bachelorette,07,07_TIM_M,EU,,,,,,,,,,,,,,,,,,,,10
183,191,Bachelorette,06,06_ROBERT_M,R1,,R,,,,,,,W,,,D1,D7,D6,D4,D1,D1,D1,D1,10
184,192,Bachelorette,06,06_CHRIS_L,,,,R,,,,,,ED,,,D9,D1,D6,D4,D1,D1,D1,D1,10
185,193,Bachelorette,06,06_FRANK_N,,R,,,,R,,,EF,,,D1,D9,D7,D6,D1,D2,D1,D1,,10
186,194,Bachelorette,06,06_KIRK_D,,,R,,R,,,E,,,,D12,D9,D7,D1,D4,D1,D1,,,10
187,195,Bachelorette,06,06_TY_B,,R,,,R,R,E,,,,,D12,,D7,D6,D1,D2,,,,10
188,196,Bachelorette,06,06_CRAIG_R,,,,,,E,,,,,,D12,D9,D7,D6,D4,,,,,10
189,197,Bachelorette,06,06_JUSTIN_R,,,,,R,EF,,,,,,D12,D9,,D2,,,,,,10
190,198,Bachelorette,06,06_CHRIS_N,,,,,E,,,,,,,D12,D9,,D6,,,,,,10
191,199,Bachelorette,06,06_KASEY_K,,,,,ED,,,,,,,D12,,D1,D2,,,,,,10
192,200,Bachelorette,06,06_JESSE_B,,R,,E,,,,,,,,D1,D9,D7,,,,,,,10
193,201,Bachelorette,06,06_JONATHAN_N,,,,E,,,,,,,,D12,D9,D7,,,,,,,10
194,202,Bachelorette,06,06_JOHN_C,,,E,,,,,,,,,,D9,,,,,,,,10
195,203,Bachelorette,06,06_STEVE_K,,,E,,,,,,,,,D12,,,,,,,,,10
196,204,Bachelorette,06,06_HUNTER_W,,,ED,,,,,,,,,D12,D1,,,,,,,,10
197,205,Bachelorette,06,06_CHRIS_H,,E,,,,,,,,,,D12,,,,,,,,,10
198,206,Bachelorette,06,06_CRAIG_M,,E,,,,,,,,,,D12,,,,,,,,,10
199,207,Bachelorette,06,06_TYLER_V,,E,,,,,,,,,,D12,,,,,,,,,10
200,208,Bachelorette,06,06_DEREK_X,E,,,,,,,,,,,,,,,,,,,,10
201,209,Bachelorette,06,06_DERRICK_S,E,,,,,,,,,,,,,,,,,,,,10
202,210,Bachelorette,06,06_JASON_W,E,,,,,,,,,,,,,,,,,,,,10
203,211,Bachelorette,06,06_JAY_R,E,,,,,,,,,,,,,,,,,,,,10
204,212,Bachelorette,06,06_JOHN_N,E,,,,,,,,,,,,,,,,,,,,10
205,213,Bachelorette,06,06_KYLE_H,E,,,,,,,,,,,,,,,,,,,,10
206,214,Bachelorette,06,06_PHIL_K,E,,,,,,,,,,,,,,,,,,,,10
207,215,Bachelorette,06,06_TYLER_M,E,,,,,,,,,,,,,,,,,,,,10
208,217,Bachelorette,05,05_ED_S,,,R,,,,,,,W,,D8,D1,D10,D8,,D1,D1,D1,D1,10
209,218,Bachelorette,05,05_KIPTYN_L,,,,R,,R,,,,E,,D7,D11,D1,D8,D6,D1,D1,D1,D1,10
210,219,Bachelorette,05,05_REID_R,,,,,,R,,,E,,,,D11,D10,D8,D1,D1,D1,D1,,10
211,220,Bachelorette,05,05_WES_H,,R,,,,,,E,,,,D8,D11,D10,D8,D6,D1,D1,,,10
212,221,Bachelorette,05,05_JESSE_K,,,,R,R,,E,,,,,D7,,D10,D1,D6,D1,,,,10
213,222,Bachelorette,05,05_MICHAEL_S,,,,,R,,E,,,,,D8,D11,D10,D1,D6,D1,,,,10
214,223,Bachelorette,05,05_JAKE_P,,R,,,,E,,,,,,D1,,D10,D8,D6,,,,,10
215,224,Bachelorette,05,05_TANNER_P,,,,,,E,,,,,,D8,D11,D10,D8,D6,,,,,10
216,225,Bachelorette,05,05_ROBBY_D,,,R,,,ED,,,,,,,D11,D10,D8,D1,,,,,10
217,226,Bachelorette,05,05_MARK_H,,,,R,E,,,,,,,D7,D11,D2,D8,,,,,,10
218,227,Bachelorette,05,05_DAVID_G,R1,,,E,,,,,,,,D7,,D10,,,,,,,10
219,228,Bachelorette,05,05_JUAN_B,,R,,E,,,,,,,,D7,D11,D10,,,,,,,10
220,229,Bachelorette,05,05_MIKE_S,,R,,ED,,,,,,,,D7,D11,D2,,,,,,,10
221,230,Bachelorette,05,05_BRAD_S,,,E,,,,,,,,,D8,D11,,,,,,,,10
222,231,Bachelorette,05,05_TANNER_F,,,E,,,,,,,,,,D11,,,,,,,,10
223,232,Bachelorette,05,05_SASHA_P,,,ED,,,,,,,,,D8,D1,,,,,,,,10
224,233,Bachelorette,05,05_BRIAN_D,,E,,,,,,,,,,D8,,,,,,,,,10
225,234,Bachelorette,05,05_JULIEN_H,,E,,,,,,,,,,,,,,,,,,,10
226,235,Bachelorette,05,05_MATHUE_J,,E,,,,,,,,,,D8,,,,,,,,,10
227,236,Bachelorette,05,05_SIMON_A,,E,,,,,,,,,,D7,,,,,,,,,10
228,237,Bachelorette,05,05_ADAM_D,E,,,,,,,,,,,,,,,,,,,,10
229,238,Bachelorette,05,05_BRIAN_V,E,,,,,,,,,,,,,,,,,,,,10
230,239,Bachelorette,05,05_BRYCE_H,E,,,,,,,,,,,,,,,,,,,,10
231,240,Bachelorette,05,05_CALEB_K,E,,,,,,,,,,,,,,,,,,,,10
232,241,Bachelorette,05,05_GREG_B,E,,,,,,,,,,,,,,,,,,,,10
233,242,Bachelorette,05,05_JOHN_H,E,,,,,,,,,,,,,,,,,,,,10
234,243,Bachelorette,05,05_JOHN_P,E,,,,,,,,,,,,,,,,,,,,10
235,244,Bachelorette,05,05_JOSH_Y,E,,,,,,,,,,,,,,,,,,,,10
236,245,Bachelorette,05,05_KYLE_Y,E,,,,,,,,,,,,,,,,,,,,10
237,246,Bachelorette,05,05_STEPHEN_R,E,,,,,,,,,,,,,,,,,,,,10
238,248,Bachelorette,04,04_JESSE_C,R1,,,R,,,,W,,,,D7,D10,D1,D4,D1,D1,D1,,,8
239,249,Bachelorette,04,04_JASON_M,,,R,,,,,E,,,,D7,D1,D6,D4,D1,D1,D1,,,8
240,250,Bachelorette,04,04_JEREMY_A,R1,R,,,,,E,,,,,D7,D10,D6,D1,D1,D1,,,,8
241,251,Bachelorette,04,04_GRAHAM_B,,R,,,,E,,,,,,D1,D10,D6,D4,D1,,,,,8
242,252,Bachelorette,04,04_SEAN_R,,,,R,E,,,,,,,D7,D10,D6,D1,,,,,,8
243,253,Bachelorette,04,04_BLAINE_T,,,,,E,,,,,,,D7,D10,D6,D4,,,,,,8
244,254,Bachelorette,04,04_BRIAN_T,,,,E,,,,,,,,D7,D10,D6,,,,,,,8
245,255,Bachelorette,04,04_FREDERICK_G,,,R,ED,,,,,,,,D7,D10,D2,,,,,,,8
246,256,Bachelorette,04,04_ROBERT_F,,,R,ED,,,,,,,,D7,D10,D2,,,,,,,8
247,257,Bachelorette,04,04_PAUL_B,,R,E,,,,,,,,,D7,D10,,,,,,,,8
248,258,Bachelorette,04,04_RONALD_M,,,E,,,,,,,,,D7,D10,,,,,,,,8
249,259,Bachelorette,04,04_RICHARD_M,R1,,ED,,,,,,,,,D7,D1,,,,,,,,8
250,260,Bachelorette,04,04_CHRISTOPHER_B,,E,,,,,,,,,,D7,,,,,,,,,8
251,261,Bachelorette,04,04_ERIC_P,,E,,,,,,,,,,D7,,,,,,,,,8
252,262,Bachelorette,04,04_RYAN_H,,E,,,,,,,,,,D7,,,,,,,,,8
253,263,Bachelorette,04,04_BRIAN_W,E,,,,,,,,,,,,,,,,,,,,8
254,264,Bachelorette,04,04_CHANDLER_F,E,,,,,,,,,,,,,,,,,,,,8
255,265,Bachelorette,04,04_DONATO_C,E,,,,,,,,,,,,,,,,,,,,8
256,266,Bachelorette,04,04_GREGORY_M,E,,,,,,,,,,,,,,,,,,,,8
257,267,Bachelorette,04,04_JEFFREY_H,E,,,,,,,,,,,,,,,,,,,,8
258,268,Bachelorette,04,04_JONATHAN_K,E,,,,,,,,,,,,,,,,,,,,8
259,269,Bachelorette,04,04_LUKE_H,E,,,,,,,,,,,,,,,,,,,,8
260,270,Bachelorette,04,04_PATRICK_C,E,,,,,,,,,,,,,,,,,,,,8
261,271,Bachelorette,04,04_PATRICK_D,E,,,,,,,,,,,,,,,,,,,,8
262,272,Bachelorette,04,04_SPERO_S,E,,,,,,,,,,,,,,,,,,,,8
263,274,Bachelorette,03,03_JERRY_F,,,,,,,,W,,,,D7,D6,D1,D1,D1,D1,,,,8
264,275,Bachelorette,03,03_JOHN PAUL_M,,,,,,,E,,,,,D7,D1,D4,D1,D1,D1,,,,8
265,276,Bachelorette,03,03_RYAN_SH,,,,,,E,,,,,,D7,D6,D1,D1,D1,,,,,8
266,277,Bachelorette,03,03_WENDELL_J,,,,,E,,,,,,,D7,D6,D4,D1,,,,,,8
267,278,Bachelorette,03,03_FABRICE_L,,,,EQ,,,,,,,,D7,D1,D4,,,,,,,8
268,279,Bachelorette,03,03_BEN_S,,,,E,,,,,,,,D7,D6,D4,,,,,,,8
269,280,Bachelorette,03,03_JOSH_C,,,E,,,,,,,,,D7,D6,,,,,,,,8
270,281,Bachelorette,03,03_KEITH,R1,,E,,,,,,,,,D1,D6,,,,,,,,8
271,282,Bachelorette,03,03_A.W.,,E,,,,,,,,,,D7,,,,,,,,,8
272,283,Bachelorette,03,03_JASON_I,,E,,,,,,,,,,D7,,,,,,,,,8
273,284,Bachelorette,03,03_MARK,,E,,,,,,,,,,D7,,,,,,,,,8
274,285,Bachelorette,03,03_MATT_M,,E,,,,,,,,,,D7,,,,,,,,,8
275,286,Bachelorette,03,03_MICHAEL_F,,E,,,,,,,,,,D7,,,,,,,,,8
276,287,Bachelorette,03,03_RYAN_SM,,E,,,,,,,,,,D7,,,,,,,,,8
277,288,Bachelorette,03,03_STU_L,,E,,,,,,,,,,D7,,,,,,,,,8
278,289,Bachelorette,03,03_ANDREW,E,,,,,,,,,,,,,,,,,,,,8
279,290,Bachelorette,03,03_ANDY_L,E,,,,,,,,,,,,,,,,,,,,8
280,291,Bachelorette,03,03_CHRIS_M,E,,,,,,,,,,,,,,,,,,,,8
281,292,Bachelorette,03,03_CHRIS_C,E,,,,,,,,,,,,,,,,,,,,8
282,293,Bachelorette,03,03_COLLIN_E,E,,,,,,,,,,,,,,,,,,,,8
283,294,Bachelorette,03,03_DAVID_V,E,,,,,,,,,,,,,,,,,,,,8
284,295,Bachelorette,03,03_ERIC_H,E,,,,,,,,,,,,,,,,,,,,8
285,296,Bachelorette,03,03_ERIC_T,E,,,,,,,,,,,,,,,,,,,,8
286,297,Bachelorette,03,03_KEVIN,E,,,,,,,,,,,,,,,,,,,,8
287,298,Bachelorette,03,03_MATT_L,E,,,,,,,,,,,,,,,,,,,,8
288,300,Bachelorette,02,02_IAN_M,,,,,,,W,,,,,D7,D1,D4,D1,D1,D1,,,,7
289,301,Bachelorette,02,02_MATTHEW_H,,,,,,,E,,,,,D7,D7,D1,D1,D1,D1,,,,7
290,302,Bachelorette,02,02_CHAD_X,,,,,,E,,,,,,D7,D7,D1,D1,D1,,,,,7
291,303,Bachelorette,02,02_LANNY_X,,,,,E,,,,,,,D7,D7,D1,D1,,,,,,7
292,304,Bachelorette,02,02_BRAD_X,,,,E,,,,,,,,D7,D7,D4,,,,,,,7
293,305,Bachelorette,02,02_RYAN_M,,,,E,,,,,,,,D7,D2,D4,,,,,,,7
294,306,Bachelorette,02,02_SEAN_X,,,,E,,,,,,,,D7,D7,D4,,,,,,,7
295,307,Bachelorette,02,02_RICK_X,,,E,,,,,,,,,D1,D7,,,,,,,,7
296,308,Bachelorette,02,02_RYAN_R,,,E,,,,,,,,,D7,D7,,,,,,,,7
297,309,Bachelorette,02,02_TODD_X,,,E,,,,,,,,,D7,D2,,,,,,,,7
298,310,Bachelorette,02,02_DAMON_X,,E,,,,,,,,,,D7,,,,,,,,,7
299,311,Bachelorette,02,02_ELIOT_X,,E,,,,,,,,,,D7,,,,,,,,,7
300,312,Bachelorette,02,02_HAROLD_H,,E,,,,,,,,,,D7,,,,,,,,,7
301,313,Bachelorette,02,02_MARCUS_X,,E,,,,,,,,,,D7,,,,,,,,,7
302,314,Bachelorette,02,02_ROBERT_X,,E,,,,,,,,,,D7,,,,,,,,,7
303,315,Bachelorette,02,02_AARON_X,E,,,,,,,,,,,,,,,,,,,,7
304,316,Bachelorette,02,02_ANDY_C,E,,,,,,,,,,,,,,,,,,,,7
305,317,Bachelorette,02,02_ANSELM_C,E,,,,,,,,,,,,,,,,,,,,7
306,318,Bachelorette,02,02_BRIAN_X,E,,,,,,,,,,,,,,,,,,,,7
307,319,Bachelorette,02,02_CHRIS_X,E,,,,,,,,,,,,,,,,,,,,7
308,320,Bachelorette,02,02_CORY_H,E,,,,,,,,,,,,,,,,,,,,7
309,321,Bachelorette,02,02_JEFF_O,E,,,,,,,,,,,,,,,,,,,,7
310,322,Bachelorette,02,02_JUSTIN_X,E,,,,,,,,,,,,,,,,,,,,7
311,323,Bachelorette,02,02_KEITH_X,E,,,,,,,,,,,,,,,,,,,,7
312,324,Bachelorette,02,02_TREVER_X,E,,,,,,,,,,,,,,,,,,,,7
313,326,Bachelorette,01,01_RYAN_S,,,,,,W,,,,,,D14,D1,D1,D1,D1,,,,,6
314,327,Bachelorette,01,01_CHARLIE_M,,,,,,E,,,,,,D14,D1,D1,D1,D1,,,,,6
315,328,Bachelorette,01,01_RUSS_X,,,,,E,,,,,,,D14,D1,D1,D1,,,,,,6
316,329,Bachelorette,01,01_GREG_T,,,,E,,,,,,,,D14,D5,D1,,,,,,,6
317,330,Bachelorette,01,01_BOB_G,,,E,,,,,,,,,D14,D5,,,,,,,,6
318,331,Bachelorette,01,01_JAMIE_B,,,E,,,,,,,,,D14,D5,,,,,,,,6
319,332,Bachelorette,01,01_MIKE_X,,,E,,,,,,,,,D14,D5,,,,,,,,6
320,333,Bachelorette,01,01_ROB_X,,,E,,,,,,,,,D14,D5,,,,,,,,6
321,334,Bachelorette,01,01_BRIAN_C,,E,,,,,,,,,,D14,,,,,,,,,6
322,335,Bachelorette,01,01_BRIAN_S,,E,,,,,,,,,,D14,,,,,,,,,6
323,336,Bachelorette,01,01_BROOK_X,,E,,,,,,,,,,D14,,,,,,,,,6
324,337,Bachelorette,01,01_JACK_X,,E,,,,,,,,,,D14,,,,,,,,,6
325,338,Bachelorette,01,01_JEFF_X,,E,,,,,,,,,,D14,,,,,,,,,6
326,339,Bachelorette,01,01_JOSH_X,,E,,,,,,,,,,D14,,,,,,,,,6
327,340,Bachelorette,01,01_BRIAN_H,,EQ,,,,,,,,,,D14,,,,,,,,,6
328,341,Bachelorette,01,01_BILLY_X,E,,,,,,,,,,,,,,,,,,,,6
329,342,Bachelorette,01,01_BRIAN_K,E,,,,,,,,,,,,,,,,,,,,6
330,343,Bachelorette,01,01_CHRIS_X,E,,,,,,,,,,,,,,,,,,,,6
331,344,Bachelorette,01,01_DUANE_X,E,,,,,,,,,,,,,,,,,,,,6
332,345,Bachelorette,01,01_ERIC_X,E,,,,,,,,,,,,,,,,,,,,6
333,346,Bachelorette,01,01_GREGG_H,E,,,,,,,,,,,,,,,,,,,,6
334,347,Bachelorette,01,01_MATT_X,E,,,,,,,,,,,,,,,,,,,,6
335,348,Bachelorette,01,01_PAUL_X,E,,,,,,,,,,,,,,,,,,,,6
336,349,Bachelorette,01,01_PETER_X,E,,,,,,,,,,,,,,,,,,,,6
337,350,Bachelorette,01,01_WAYNE_X,E,,,,,,,,,,,,,,,,,,,,6
338,352,Bachelor,21,21_VANESSA_G,R1,,R,,,,,,,W,,D12,D1,D13,D10,D6,D1,D1,D1,D1,10
339,353,Bachelor,21,21_RAVEN_G,,,,R,,R,R,,,E,,D12,,D1,D10,D6,D3,D1,D1,D1,10
340,354,Bachelor,21,21_RACHEL_L,,,R,,R,,,,E,,,,D7,D13,D1,D6,D1,D1,D1,,10
341,355,Bachelor,21,21_CORRINE_O,,R,,,R,,,E,,,,D12,D7,D13,D2,D6,D3,D1,,,10
342,356,Bachelor,21,21_KRISTINA_S,,,,R,R,R,EQ,,,,,D6,D7,D13,D10,D1,D3,,,,10
343,357,Bachelor,21,21_DANIELLE_M,,R,,,,,ED,,,,,D1,,D13,D10,D6,D1,,,,10
344,358,Bachelor,21,21_DANIELLE_L,,,R,R,,ED,,,,,,D12,D7,D1,D10,D2,,,,,10
345,359,Bachelor,21,21_WHITNEY_F,,,,,,ED,,,,,,,D7,D13,D10,D2,,,,,10
346,360,Bachelor,21,21_JASMINE_G,,,,,,ED,,,,,,D12,D7,D13,D10,D6,,,,,10
347,361,Bachelor,21,21_JAIMI_K,,,,,E,,,,,,,D6,D7,D13,D10,,,,,,10
348,362,Bachelor,21,21_JOSEPHINE_T,,,,,E,,,,,,,D6,,D13,D10,,,,,,10
349,363,Bachelor,21,21_ALEXIS_W,,,,,E,,,,,,,D12,D7,D13,D10,,,,,,10
350,364,Bachelor,21,21_TAYLOR_N,,,,,ED,,,,,,,D12,D7,D13,D2,,,,,,10
351,365,Bachelor,21,21_ASTRID_L,,,,E,,,,,,,,D6,D7,D13,,,,,,,10
352,366,Bachelor,21,21_SARAH_V,,,,E,,,,,,,,D12,D7,D13,,,,,,,10
353,367,Bachelor,21,21_BRITTANY_F,,,E,,,,,,,,,D12,D7,,,,,,,,10
354,368,Bachelor,21,21_CHRISTEN_W,,R,E,,,,,,,,,D6,D7,,,,,,,,10
355,369,Bachelor,21,21_DOMINIQUE_A,,,ED,,,,,,,,,,D7,,,,,,,,10
356,370,Bachelor,21,21_LACEY_M,,E,,,,,,,,,,D12,,,,,,,,,10
357,371,Bachelor,21,21_HAILEY_M,,E,,,,,,,,,,D12,,,,,,,,,10
358,372,Bachelor,21,21_ELIZABETH_W,,E,,,,,,,,,,D12,,,,,,,,,10
359,373,Bachelor,21,21_LIZ_S,,ED,,,,,,,,,,D6,,,,,,,,,10
360,374,Bachelor,21,21_ANGELA_A,E,,,,,,,,,,,,,,,,,,,,10
361,375,Bachelor,21,21_JASMINE_B,E,,,,,,,,,,,,,,,,,,,,10
362,376,Bachelor,21,21_OLIVIA_B,E,,,,,,,,,,,,,,,,,,,,10
363,377,Bachelor,21,21_IDA_D,E,,,,,,,,,,,,,,,,,,,,10
364,378,Bachelor,21,21_BRIANA_G,E,,,,,,,,,,,,,,,,,,,,10
365,379,Bachelor,21,21_LAUREN_H,E,,,,,,,,,,,,,,,,,,,,10
366,380,Bachelor,21,21_SUSANNAH_M,E,,,,,,,,,,,,,,,,,,,,10
367,381,Bachelor,21,21_MICHELLE_R,E,,,,,,,,,,,,,,,,,,,,10
368,383,Bachelor,20,20_LAUREN_B,,,R,R,,,,,,W,,,D1,D12,D9,D7,D1,D1,D1,D1,10
369,384,Bachelor,20,20_JOJO_F,,R,,R,,,,,,E,,D10,,D1,D9,D7,D1,D1,D1,D1,10
370,385,Bachelor,20,20_CAILA_Q,,R,,,,R,,,EU,,,D1,,D12,D9,D1,D3,D1,D1,,10
371,386,Bachelor,20,20_AMANDA_S,,,,,R,R,R,E,,,,D6,D12,D12,D1,D7,D3,D1,,,10
372,387,Bachelor,20,20_BECCA_T,,,,R,,,E,,,,,D10,,D1,D9,D7,D3,,,,10
373,388,Bachelor,20,20_EMILY_F,,,,,,R,ED,,,,,D6,D12,D12,D9,D2,D1,,,,10
374,389,Bachelor,20,20_LAUREN_H,,,,,R,E,,,,,,D10,D12,D12,D1,D7,,,,,10
375,390,Bachelor,20,20_OLIVIA_C,R1,R,,,R,ED,,,,,,D6,D12,D12,D9,D2,,,,,10
376,391,Bachelor,20,20_LEAH_B,,,,,,EU,,,,,,,D12,D12,D9,D7,,,,,10
377,392,Bachelor,20,20_JENNIFER_S,,,,,E,,,,,,,D10,D12,D12,D9,,,,,,10
378,393,Bachelor,20,20_JUBILEE_S,,,R,,ED,,,,,,,D10,D1,D12,D9,,,,,,10
379,394,Bachelor,20,20_AMBER_J,,,R,E,,,,,,,,D10,D12,D12,,,,,,,10
380,395,Bachelor,20,20_RACHEL_T,,,,E,,,,,,,,,D12,D12,,,,,,,10
381,396,Bachelor,20,20_HAYLEY_F,,,,ED,,,,,,,,D6,D12,D12,,,,,,,10
382,397,Bachelor,20,20_JAMI_L,,,E,,,,,,,,,,D12,,,,,,,,10
383,398,Bachelor,20,20_SHUSHANNA_M,,,E,,,,,,,,,D6,D12,,,,,,,,10
384,399,Bachelor,20,20_LACE_M,,,EQ,,,,,,,,,D10,D12,,,,,,,,10
385,400,Bachelor,20,20_JACKIE_D,,E,,,,,,,,,,D10,,,,,,,,,10
386,401,Bachelor,20,20_MANDI_K,,E,,,,,,,,,,D10,,,,,,,,,10
387,402,Bachelor,20,20_SAMANTHA_P,,E,,,,,,,,,,D6,,,,,,,,,10
388,403,Bachelor,20,20_LB_B,,EQ,,,,,,,,,,D10,,,,,,,,,10
389,404,Bachelor,20,20_LAURA_E,E,,,,,,,,,,,,,,,,,,,,10
390,405,Bachelor,20,20_IZZY_G,E,,,,,,,,,,,,,,,,,,,,10
391,406,Bachelor,20,20_MAEGAN_M,E,,,,,,,,,,,,,,,,,,,,10
392,407,Bachelor,20,20_JESSICA_M,E,,,,,,,,,,,,,,,,,,,,10
393,408,Bachelor,20,20_BREANNE_R,E,,,,,,,,,,,,,,,,,,,,10
394,409,Bachelor,20,20_LAUREN_R,E,,,,,,,,,,,,,,,,,,,,10
395,410,Bachelor,20,20_TIARA_S,E,,,,,,,,,,,,,,,,,,,,10
396,412,Bachelor,19,19_WHITNEY_B,,,R,,R,,,,,W,,,D1,D6,D9,D6,D1,D1,D1,D1,10
397,413,Bachelor,19,19_BECCA_T,,,R,,,R,,,,E,,D11,D12,D6,D9,D1,D1,D1,D1,D1,10
398,414,Bachelor,19,19_KAITLYN_B,,R,R,R,,,R,,E,,,D11,D1,D8,D9,D6,D3,D1,D1,,10
399,415,Bachelor,19,19_JADE_R,,,,R,,,,E,,,,D6,,D1,D9,D6,D1,D1,,,10
400,416,Bachelor,19,19_CARLY_W,,,,,R,,E,,,,,,D12,D6,D1,D6,D3,,,,10
401,417,Bachelor,19,19_BRITT_N,R1,,,,R,R,E,,,,,D11,D12,D6,D1,D6,D3,,,,10
402,418,Bachelor,19,19_MEGAN_B,,R,,,,EQ,,,,,,D1,,D8,D9,D6,,,,,10
403,419,Bachelor,19,19_KELSEY_P,,,,,,ED,,,,,,D11,D12,D8,D9,D2,,,,,10
404,420,Bachelor,19,19_ASHLEY_I,,,,,,ED,,,,,,D6,,D8,D9,D2,,,,,10
405,421,Bachelor,19,19_MACKENZIE_D,,R,,,E,,,,,,,D6,D12,D8,D9,,,,,,10
406,422,Bachelor,19,19_SAMANTHA_S,,,,,E,,,,,,,,D12,D8,D9,,,,,,10
407,423,Bachelor,19,19_ASHLEY_S,,,,E,,,,,,,,D11,D12,D8,,,,,,,10
408,424,Bachelor,19,19_JUELIA_K,,,,E,,,,,,,,D11,D12,D8,,,,,,,10
409,425,Bachelor,19,19_NIKKI_D,,,,E,,,,,,,,,D12,D6,,,,,,,10
410,426,Bachelor,19,19_JILIAN_A,,,,ED,,,,,,,,D11,D12,D6,,,,,,,10
411,427,Bachelor,19,19_AMBER_J,,,E,,,,,,,,,D11,D12,,,,,,,,10
412,428,Bachelor,19,19_TRACY_D,,,E,,,,,,,,,D11,D12,,,,,,,,10
413,429,Bachelor,19,19_TRINA_S,,,E,,,,,,,,,D11,,,,,,,,,10
414,430,Bachelor,19,19_ALISSA_G,,E,,,,,,,,,,D11,,,,,,,,,10
415,431,Bachelor,19,19_JORDAN_B,,E,,,,,,,,,,,,,,,,,,,10
416,432,Bachelor,19,19_KIMBERLY_S,E,,,,,,,,,,,D6,,,,,,,,,10
417,433,Bachelor,19,19_TANDRA_S,,E,,,,,,,,,,D6,,,,,,,,,10
418,434,Bachelor,19,19_TARA_E,,E,,,,,,,,,,D6,,,,,,,,,10
419,435,Bachelor,19,19_AMANDA_G,E,,,,,,,,,,,,,,,,,,,,10
420,436,Bachelor,19,19_BO_S,E,,,,,,,,,,,,,,,,,,,,10
421,437,Bachelor,19,19_BRITTANY_F,E,,,,,,,,,,,,,,,,,,,,10
422,438,Bachelor,19,19_KARA_W,E,,,,,,,,,,,,,,,,,,,,10
423,439,Bachelor,19,19_MICHELLE_D,E,,,,,,,,,,,,,,,,,,,,10
424,440,Bachelor,19,19_NICOLE_M,E,,,,,,,,,,,,,,,,,,,,10
425,441,Bachelor,19,19_REEGAN_C,E,,,,,,,,,,,,,,,,,,,,10
426,443,Bachelor,18,18_NIKKI_F,,,R,R,R,,,,,W,,D13,D10,D6,D1,D6,D1,D1,D1,D1,10
427,444,Bachelor,18,18_CLARE_C,,R,,,R,R,,,,E,,D1,,D6,D9,D1,D4,D1,D1,D1,10
428,445,Bachelor,18,18_ANDI_D,,,,R,,R,R,,EQ,,,D13,D10,D6,D9,D1,D4,D1,D1,,10
429,446,Bachelor,18,18_RENEE_O,,,,,R,,,E,,,,D13,D10,D6,D1,D6,D4,D1,,,10
430,447,Bachelor,18,18_CHELSIE_W,,,R,,,,E,,,,,D13,D1,D6,D9,D6,D4,,,,10
431,448,Bachelor,18,18_SHARLEEN_J,R1,,,R,,R,EQ,,,,,,D10,D1,D9,D6,D1,,,,10
432,449,Bachelor,18,18_KAT_H,,R,,,,E,,,,,,D1,,D6,D9,D6,,,,,10
433,450,Bachelor,18,18_CASSANDRA_F,,,R,,,ED,,,,,,D13,D1,D6,D9,D6,,,,,10
434,451,Bachelor,18,18_ALLI_R,,,,,E,,,,,,,D13,D10,D6,D9,,,,,,10
435,452,Bachelor,18,18_DANIELLE_R,,,,,E,,,,,,,,D10,D6,D9,,,,,,10
436,453,Bachelor,18,18_KELLY_T,,R,,,E,,,,,,,D13,D10,D6,D9,,,,,,10
437,454,Bachelor,18,18_ELISE_M,,,,E,,,,,,,,D13,,D6,,,,,,,10
438,455,Bachelor,18,18_LAUREN_S,,,,E,,,,,,,,D13,D10,D6,,,,,,,10
439,456,Bachelor,18,18_CHRISTY_H,,,E,,,,,,,,,D13,D10,,,,,,,,10
440,457,Bachelor,18,18_LUCY_A,,,E,,,,,,,,,D13,D10,,,,,,,,10
441,458,Bachelor,18,18_AMY_L,,E,,,,,,,,,,,,,,,,,,,10
442,459,Bachelor,18,18_CHANTEL_F,,E,,,,,,,,,,D13,,,,,,,,,10
443,460,Bachelor,18,18_VICTORIA_L,,EU,,,,,,,,,,D13,,,,,,,,,10
444,461,Bachelor,18,18_ALEXIS_M,E,,,,,,,,,,,,,,,,,,,,10
445,462,Bachelor,18,18_AMY_J,E,,,,,,,,,,,,,,,,,,,,10
446,463,Bachelor,18,18_ASHLEY_P,E,,,,,,,,,,,,,,,,,,,,10
447,464,Bachelor,18,18_CHRISTINE_L,E,,,,,,,,,,,,,,,,,,,,10
448,465,Bachelor,18,18_KYLIE_L,E,,,,,,,,,,,,,,,,,,,,10
449,466,Bachelor,18,18_LACY_F,E,,,,,,,,,,,,,,,,,,,,10
450,467,Bachelor,18,18_LAUREN_H,E,,,,,,,,,,,,,,,,,,,,10
451,468,Bachelor,18,18_MAGGIE_G,E,,,,,,,,,,,,,,,,,,,,10
452,469,Bachelor,18,18_VALERIE_E,E,,,,,,,,,,,,,,,,,,,,10
453,471,Bachelor,17,17_CATHERINE_G,R1,,,,,R,,,,W,,D13,D12,D8,D8,D1,D3,D1,D1,D1,10
454,472,Bachelor,17,17_LINDSAY_Y,,,R,,R,,R,,,E,,,D12,D8,D1,D7,D3,D1,D1,D1,10
455,473,Bachelor,17,17_ASHLEE_F,R1,,R,,,,,,E,,,,D1,D8,D8,D7,D1,D1,D1,,10
456,474,Bachelor,17,17_DESIREE_H,R1,R,,,,R,,E,,,,D1,D12,,D8,D1,D3,D1,,,10
457,475,Bachelor,17,17_LESLEY_M,,,R,,,R,E,,,,,D13,D1,,D8,D7,D1,,,,10
458,476,Bachelor,17,17_TIERRA_L,R1,,,R,R,,EU,,,,,D13,D12,D8,D2,D7,,,,,10
459,477,Bachelor,17,17_DANIELLA_M,,,,,R,E,,,,,,D13,D12,,D8,D7,,,,,10
460,478,Bachelor,17,17_SLEMA_A,R1,,,R,,E,,,,,,D13,,D1,D8,D7,,,,,10
461,479,Bachelor,17,17_SARAH_H,R1,R,,,,EU,,,,,,D1,,D8,D8,D7,,,,,10
462,480,Bachelor,17,17_ROBYN_H,R1,,,,E,,,,,,,D13,D12,D8,D8,,,,,,10
463,481,Bachelor,17,17_JACKIE_[,R1,,,,ED,,,,,,,,D12,D8,D2,,,,,,10
464,482,Bachelor,17,17_AMANDA_M,,,,E,,,,,,,,D13,D12,D8,,,,,,,10
465,483,Bachelor,17,17_LESLIE_H,R1,,,ED,,,,,,,,,D12,D1,,,,,,,10
466,484,Bachelor,17,17_KRISTY_K,,,E,,,,,,,,,D13,D12,,,,,,,,10
467,485,Bachelor,17,17_TARYN_D,,,E,,,,,,,,,D13,D12,,,,,,,,10
468,486,Bachelor,17,17_KACIE_B,,R,E,,,,,,,,,D13,D12,,,,,,,,10
469,487,Bachelor,17,17_BROOKE_B,R1,E,,,,,,,,,,D13,,,,,,,,,10
470,488,Bachelor,17,17_DIANA_W,R1,E,,,,,,,,,,D13,,,,,,,,,10
471,489,Bachelor,17,17_LATIE_L,R1,EQ,,,,,,,,,,D13,,,,,,,,,10
472,490,Bachelor,17,17_ASHLEY_H,E,,,,,,,,,,,,,,,,,,,,10
473,491,Bachelor,17,17_ASHLEY_P,E,,,,,,,,,,,,,,,,,,,,10
474,492,Bachelor,17,17_KELLY_D,E,,,,,,,,,,,,,,,,,,,,10
475,493,Bachelor,17,17_KERIANN_M,E,,,,,,,,,,,,,,,,,,,,10
476,494,Bachelor,17,17_LACEY_L,E,,,,,,,,,,,,,,,,,,,,10
477,495,Bachelor,17,17_LAUREN_M,E,,,,,,,,,,,,,,,,,,,,10
478,496,Bachelor,17,17_PAIGE_V,E,,,,,,,,,,,,,,,,,,,,10
479,498,Bachelor,16,16_COURTNEY_R,,R,,R,,,,,,W,,D1,,D8,D9,D6,D1,D1,D1,D1,10
480,499,Bachelor,16,16_LINDZI_C,R1,,R,,,R,,,,E,,,D1,D8,D9,D6,D1,D1,D1,D1,10
481,500,Bachelor,16,16_NICKI_S,,,,,R,,,,E,,,D12,D11,D8,D1,D6,D3,D1,D1,,10
482,501,Bachelor,16,16_KACIE_B,,R,,,R,R,R,E,,,,D1,D11,D8,D9,D1,D3,D1,,,10
483,502,Bachelor,16,16_EMILY_O,,,R,,,,E,,,,,D12,D1,,D9,D6,D1,,,,10
484,503,Bachelor,16,16_RACHEL_T,,,R,R,,R,E,,,,,D12,D11,D1,D9,D2,D3,,,,10
485,504,Bachelor,16,16_JAMIE_O,,,,,,E,,,,,,D12,D11,D8,D9,D6,,,,,10
486,505,Bachelor,16,16_CASEY_S,,,,,,EF,,,,,,,D11,D8,D9,D6,,,,,10
487,506,Bachelor,16,16_BLAKELEY_J,,R,,,,ED,,,,,,D12,D11,D8,D9,D2,,,,,10
488,507,Bachelor,16,16_JENNIFER_F,,,,R,E,,,,,,,D12,,D1,D9,,,,,,10
489,508,Bachelor,16,16_ELYSE_M,,,,,ED,,,,,,,,D11,,D1,,,,,,10
490,509,Bachelor,16,16_MONICA_S,,,,E,,,,,,,,D12,D11,,,,,,,,10
491,510,Bachelor,16,16_SAMANTHA_L,,,,EQ,,,,,,,,D12,D11,D8,,,,,,,10
492,511,Bachelor,16,16_ERIKA_U,,,E,,,,,,,,,,D11,,,,,,,,10
493,512,Bachelor,16,16_JACLYN_S,,,E,,,,,,,,,D12,D11,,,,,,,,10
494,513,Bachelor,16,16_BRITTNEY_S,,,EQ,,,,,,,,,D12,,,,,,,,,10
495,514,Bachelor,16,16_JENNA_B,,E,,,,,,,,,,D12,,,,,,,,,10
496,515,Bachelor,16,16_SHAWN_R,,E,,,,,,,,,,D12,,,,,,,,,10
497,516,Bachelor,16,16_AMBER_B,E,,,,,,,,,,,,,,,,,,,,10
498,517,Bachelor,16,16_AMBER_T,E,,,,,,,,,,,,,,,,,,,,10
499,518,Bachelor,16,16_ANNA_S,E,,,,,,,,,,,,,,,,,,,,10
500,519,Bachelor,16,16_DIANNA_M,E,,,,,,,,,,,,,,,,,,,,10
501,520,Bachelor,16,16_HOLLY_J,E,,,,,,,,,,,,,,,,,,,,10
502,521,Bachelor,16,16_LYNDSIE_J,E,,,,,,,,,,,,,,,,,,,,10
503,522,Bachelor,16,16_SHIRA_A,E,,,,,,,,,,,,,,,,,,,,10
504,524,Bachelor,15,15_EMILY_M,,R,R,,R,,,,,W,,D15,D1,,D8,D6,D1,D1,D1,D1,10
505,525,Bachelor,15,15_CHANTAL_O,,,,R,,R,,,,E,,D15,D12,D1,D8,D1,D3,D1,D1,D1,10
506,526,Bachelor,15,15_ASHLEU_H,,R,,,R,,R,,E,,,D1,D12,D9,D2,D6,D3,D1,D1,,10
507,527,Bachelor,15,15_SHAWNTEL_N,,,R,,R,,,E,,,,D15,D12,,D1,D6,D1,D1,,,10
508,528,Bachelor,15,15_MICHELLE_M,,R,,R,,,E,,,,,D15,D12,D1,D8,D6,D3,,,,10
509,529,Bachelor,15,15_BRITT_B,,,,R,,,ED,,,,,D15,D12,D9,D8,D6,D1,,,,10
510,530,Bachelor,15,15_JACKIE_G,,R,,,,E,,,,,,D1,,D9,D8,D6,,,,,10
511,531,Bachelor,15,15_ALLI_T,,,,,,ED,,,,,,D15,D12,D9,D8,D1,,,,,10
512,532,Bachelor,15,15_LISA_M,,,,,E,,,,,,,D15,D12,D9,D8,,,,,,10
513,533,Bachelor,15,15_MARISSA_M,,,,,E,,,,,,,D15,D12,,D8,,,,,,10
514,534,Bachelor,15,15_ASHLEY_S,R1,,R,,ED,,,,,,,,D1,D9,D2,,,,,,10
515,535,Bachelor,15,15_LINDSAY_H,,,,E,,,,,,,,,D12,D9,,,,,,,10
516,536,Bachelor,15,15_MEGHAN_M,,,,E,,,,,,,,D15,,D9,,,,,,,10
517,537,Bachelor,15,15_STACEY_Q,,,,E,,,,,,,,D15,D12,D9,,,,,,,10
518,538,Bachelor,15,15_KIMBERLY_C,,,E,,,,,,,,,D15,D12,,,,,,,,10
519,539,Bachelor,15,15_SARAH_P,,,E,,,,,,,,,,D12,,,,,,,,10
520,540,Bachelor,15,15_MADISON_G,,,EQ,,,,,,,,,D15,,,,,,,,,10
521,541,Bachelor,15,15_KELTIE_C,,E,,,,,,,,,,D15,,,,,,,,,10
522,542,Bachelor,15,15_MELISSA_S,,E,,,,,,,,,,D15,,,,,,,,,10
523,543,Bachelor,15,15_RAICHHEL_G,,E,,,,,,,,,,D15,,,,,,,,,10
524,544,Bachelor,15,15_BRITNEE_X,E,,,,,,,,,,,,,,,,,,,,10
525,545,Bachelor,15,15_CRISTY_C,E,,,,,,,,,,,,,,,,,,,,10
526,546,Bachelor,15,15_JESSICA_A,E,,,,,,,,,,,,,,,,,,,,10
527,547,Bachelor,15,15_KILL_R,E,,,,,,,,,,,,,,,,,,,,10
528,548,Bachelor,15,15_LACEY_G,E,,,,,,,,,,,,,,,,,,,,10
529,549,Bachelor,15,15_LAUREN_M,E,,,,,,,,,,,,,,,,,,,,10
530,550,Bachelor,15,15_LISA_P,E,,,,,,,,,,,,,,,,,,,,10
531,551,Bachelor,15,15_REBECCA_X,E,,,,,,,,,,,,,,,,,,,,10
532,552,Bachelor,15,15_RENEE_H,E,,,,,,,,,,,,,,,,,,,,10
533,553,Bachelor,15,15_SARAH_L,E,,,,,,,,,,,,,,,,,,,,10
534,555,Bachelor,14,14_VIENNA_G,,,R,,,,,W,,,,D5,D1,D6,D2,D1,D1,D1,,,8
535,556,Bachelor,14,14_TENLEY_M,R1,,,R,,,,E,,,,,D8,D6,D1,D1,D1,D1,,,8
536,557,Bachelor,14,14_GIA_A,,,,R,,,EQ,,,,,D6,,D1,D2,D1,D1,,,,8
537,558,Bachelor,14,14_ALI_F,,R,,,,E,,,,,,D1,D8,D6,D1,D1,,,,,8
538,559,Bachelor,14,14_CORRIE_A,,,,,E,,,,,,,D6,D8,D6,D1,,,,,,8
539,560,Bachelor,14,14_ASHLEIGH_H,,,,E,,,,,,,,D6,D8,D6,,,,,,,8
540,561,Bachelor,14,14_JESSIE_S,,,,E,,,,,,,,D5,D8,D6,,,,,,,8
541,562,Bachelor,14,14_KATHRYN_S,,,,ED,,,,,,,,D5,D8,D2,,,,,,,8
542,563,Bachelor,14,14_ELLA_N,,,R,ED,,,,,,,,,D1,D2,,,,,,,8
543,564,Bachelor,14,14_ELIZABETH_KI,,R,E,,,,,,,,,D5,D8,,,,,,,,8
544,565,Bachelor,14,14_VALISHIA_S,,,E,,,,,,,,,D6,,,,,,,,,8
545,566,Bachelor,14,14_MICHELLE K,,,ED,,,,,,,,,,D8,,,,,,,,8
546,567,Bachelor,14,14_ASHLEY_E,,E,,,,,,,,,,D5,,,,,,,,,8
547,568,Bachelor,14,14_CRISTINA_M,,E,,,,,,,,,,D6,,,,,,,,,8
548,569,Bachelor,14,14_ROZLYN_P,,EF,,,,,,,,,,D6,,,,,,,,,8
549,570,Bachelor,14,14_LEX_M,E,,,,,,,,,,,,,,,,,,,,8
550,571,Bachelor,14,14_CAITLYN_M,E,,,,,,,,,,,,,,,,,,,,8
551,572,Bachelor,14,14_CHANNY_C,E,,,,,,,,,,,,,,,,,,,,8
552,573,Bachelor,14,14_ELIZABETH_KR,E,,,,,,,,,,,,,,,,,,,,8
553,574,Bachelor,14,14_EMILY_H,E,,,,,,,,,,,,,,,,,,,,8
554,575,Bachelor,14,14_KIMBERLY_S,E,,,,,,,,,,,,,,,,,,,,8
555,576,Bachelor,14,14_KIRSTEN_P,E,,,,,,,,,,,,,,,,,,,,8
556,577,Bachelor,14,14_SHEILA_L,E,,,,,,,,,,,,,,,,,,,,8
557,578,Bachelor,14,14_STEPHANIE_M,E,,,,,,,,,,,,,,,,,,,,8
558,579,Bachelor,14,14_TIANA_K,E,,,,,,,,,,,,,,,,,,,,8
559,581,Bachelor,13,13_MELISSA_R,,R,,,,,,W,,,,D1,D8,D6,D1,D1,D1,D1,,,8
560,582,Bachelor,13,13_MOLLY_M,,R,,R,,,,E,,,,D8,,D1,D3,D1,D1,D1,,,8
561,583,Bachelor,13,13_JILLIAN_H,,R,R,,,,E,,,,,D1,D8,D6,D3,D1,D1,,,,8
562,584,Bachelor,13,13_NAOMI_C,,,,R,,E,,,,,,D8,D8,D6,D1,D1,,,,,8
563,585,Bachelor,13,13_STEPHANIE_H,,,R,R,E,,,,,,,,D1,D2,D3,,,,,,8
564,586,Bachelor,13,13_LAUREN_W,,,,E,,,,,,,,D8,,D6,,,,,,,8
565,587,Bachelor,13,13_MEGAN_P,R,,,E,,,,,,,,,D8,D6,,,,,,,8
566,588,Bachelor,13,13_SHANNON_B,,,,E,,,,,,,,,D8,D6,,,,,,,8
567,589,Bachelor,13,13_NIKKI_K,R1,,,ED,,,,,,,,D8,D8,D2,,,,,,,8
568,590,Bachelor,13,13_ERICA_D,,,E,,,,,,,,,D8,D8,,,,,,,,8
569,591,Bachelor,13,13_KARI_F,,,E,,,,,,,,,D8,,,,,,,,,8
570,592,Bachelor,13,13_NATALIE_G,,,ED,,,,,,,,,D8,D1,,,,,,,,8
571,593,Bachelor,13,13_RAQUEL_M,,E,,,,,,,,,,,,,,,,,,,8
572,594,Bachelor,13,13_SHARON_S,,E,,,,,,,,,,D8,,,,,,,,,8
573,595,Bachelor,13,13_LISA_G,,EQ,,,,,,,,,,,,,,,,,,,8
574,596,Bachelor,13,13_ANN_L,E,,,,,,,,,,,,,,,,,,,,8
575,597,Bachelor,13,13_DOMINIQUE_C,E,,,,,,,,,,,,,,,,,,,,8
576,598,Bachelor,13,13_EMILY_H,E,,,,,,,,,,,,,,,,,,,,8
577,599,Bachelor,13,13_JACKIE_H,E,,,,,,,,,,,,,,,,,,,,8
578,600,Bachelor,13,13_JULIE_D,E,,,,,,,,,,,,,,,,,,,,8
579,601,Bachelor,13,13_NICOLE_M,E,,,,,,,,,,,,,,,,,,,,8
580,602,Bachelor,13,13_RENEE_S,E,,,,,,,,,,,,,,,,,,,,8
581,603,Bachelor,13,13_SHELBY_G,E,,,,,,,,,,,,,,,,,,,,8
582,604,Bachelor,13,13_STACIA_M,E,,,,,,,,,,,,,,,,,,,,8
583,605,Bachelor,13,13_TREASURE_M,E,,,,,,,,,,,,,,,,,,,,8
584,607,Bachelor,12,12_SHAYNE_L,,,R,,,,,W,,,,D7,D1,D6,D4,D1,D1,D1,,,8
585,608,Bachelor,12,12_CHELSEA_W,,R,,R,,,,E,,,,D7,D10,D6,D1,D1,D1,D1,,,8
586,609,Bachelor,12,12_AMANDA_R,R1,,,R,,,E,,,,,D8,D10,D1,D4,D1,D1,,,,8
587,610,Bachelor,12,12_NOELLE_D,,,,,,E,,,,,,D8,D10,D6,D1,D1,,,,,8
588,611,Bachelor,12,12_MARSHANA_R,,,,R,E,,,,,,,D8,D10,D2,D4,,,,,,8
589,612,Bachelor,12,12_ROBIN_C,,,R,,E,,,,,,,D7,D10,D6,D4,,,,,,8
590,613,Bachelor,12,12_ASHLEE_W,,R,,E,,,,,,,,D8,D10,D6,,,,,,,8
591,614,Bachelor,12,12_KELLY_D,,,,E,,,,,,,,D7,D10,D6,,,,,,,8
592,615,Bachelor,12,12_HOLLY_D,,,R,ED,,,,,,,,D8,D1,D2,,,,,,,8
593,616,Bachelor,12,12_AMY_R,,,E,,,,,,,,,D7,D10,,,,,,,,8
594,617,Bachelor,12,12_ERIN_S,,,E,,,,,,,,,D7,D10,,,,,,,,8
595,618,Bachelor,12,12_KRISTINE_H,,,E,,,,,,,,,D8,D10,,,,,,,,8
596,619,Bachelor,12,12_CARRI_P,,E,,,,,,,,,,D7,,,,,,,,,8
597,620,Bachelor,12,12_ERIN_H,,E,,,,,,,,,,D8,,,,,,,,,8
598,621,Bachelor,12,12_MICHELLE_P,,E,,,,,,,,,,D8,,,,,,,,,8
599,622,Bachelor,12,12_ALYSSA_G,E,,,,,,,,,,,,,,,,,,,,8
600,623,Bachelor,12,12_AMANDA_P,E,,,,,,,,,,,,,,,,,,,,8
601,624,Bachelor,12,12_DENISE_H,E,,,,,,,,,,,,,,,,,,,,8
602,625,Bachelor,12,12_DEVON_A,E,,,,,,,,,,,,,,,,,,,,8
603,626,Bachelor,12,12_LESLEY_G,E,,,,,,,,,,,,,,,,,,,,8
604,627,Bachelor,12,12_MICHELE_R,E,,,,,,,,,,,,,,,,,,,,8
605,628,Bachelor,12,12_REBECCA_L,E,,,,,,,,,,,,,,,,,,,,8
606,629,Bachelor,12,12_STACEY_E,E,,,,,,,,,,,,,,,,,,,,8
607,630,Bachelor,12,12_TAMARA_S,E,,,,,,,,,,,,,,,,,,,,8
608,631,Bachelor,12,12_TIFFANY_T,E,,,,,,,,,,,,,,,,,,,,8
609,633,Bachelor,11,11_DEANNA_P,,R,,R,,,,E,,,,D7,D6,D2,D4,D1,D1,D1,,,8
610,634,Bachelor,11,11_JENNI_C,R1,,,R,,,,E,,,,D7,D6,D1,D4,D1,D1,D1,,,8
611,635,Bachelor,11,11_BETTINA_B,,,,R,,,E,,,,,D7,D5,D6,D1,D1,D1,,,,8
612,636,Bachelor,11,11_SHEENA_S,,,,,,E,,,,,,D7,D5,D6,D1,D1,,,,,8
613,637,Bachelor,11,11_HILARY_R,,,R,,E,,,,,,,D7,D1,D6,D4,,,,,,8
614,638,Bachelor,11,11_KRISTY_K,,,R,,E,,,,,,,D7,D5,D6,D4,,,,,,8
615,639,Bachelor,11,11_STEPHY_K,,,R,E,,,,,,,,D7,D6,D6,,,,,,,8
616,640,Bachelor,11,11_JADE_B,,,,ED,,,,,,,,D7,D5,D2,,,,,,,8
617,641,Bachelor,11,11_MCCARTEN_D,,,,E,,,,,,,,D7,D6,D6,,,,,,,8
618,642,Bachelor,11,11_LINDSEY_H,,,E,,,,,,,,,D7,D6,,,,,,,,8
619,643,Bachelor,11,11_SARAH_N,,R,E,,,,,,,,,D7,D6,,,,,,,,8
620,644,Bachelor,11,11_SOLISA_S,,,E,,,,,,,,,D7,D5,,,,,,,,8
621,645,Bachelor,11,11_MICHELE_L,,EQ,,,,,,,,,,,,,,,,,,,8
622,646,Bachelor,11,11_MALLORY_S,,E,,,,,,,,,,D7,,,,,,,,,8
623,647,Bachelor,11,11_ERIN_G,,E,,,,,,,,,,D7,,,,,,,,,8
624,648,Bachelor,11,11_JESSICA_K,E,,,,,,,,,,,,,,,,,,,,8
625,649,Bachelor,11,11_JULI_G,E,,,,,,,,,,,,,,,,,,,,8
626,650,Bachelor,11,11_KIM_O,E,,,,,,,,,,,,,,,,,,,,8
627,651,Bachelor,11,11_LORI_L,E,,,,,,,,,,,,,,,,,,,,8
628,652,Bachelor,11,11_MELISSA_B,E,,,,,,,,,,,,,,,,,,,,8
629,653,Bachelor,11,11_MORGAN_B,E,,,,,,,,,,,,,,,,,,,,8
630,654,Bachelor,11,11_NATALIE_V,E,,,,,,,,,,,,,,,,,,,,8
631,655,Bachelor,11,11_REGINA_D,E,,,,,,,,,,,,,,,,,,,,8
632,656,Bachelor,11,11_TAUNI_N,E,,,,,,,,,,,,,,,,,,,,8
633,657,Bachelor,11,11_SUSAN_S,E,,,,,,,,,,,,,,,,,,,,8
634,659,Bachelor,10,10_TESSA_H,,,R,,,,,W,,,,D7,D2,D4,D1,D1,D1,D1,,,8
635,660,Bachelor,10,10_BEVIN_P,,,R,,,,,E,,,,D7,,D4,D4,D1,D1,D1,,,8
636,661,Bachelor,10,10_DANIELLE_I,,,,,,,E,,,,,D7,D4,D4,D4,D1,D1,,,,8
637,662,Bachelor,10,10_AMBER_A,,,,R,,E,,,,,,D7,D5,D1,D4,D1,,,,,8
638,663,Bachelor,10,10_STEPHANIE_W,,,,,E,,,,,,,D7,D5,D4,D1,,,,,,8
639,664,Bachelor,10,10_TINA_W,,,,,E,,,,,,,D7,D5,D4,D4,,,,,,8
640,665,Bachelor,10,10_KATE_B,,,,E,,,,,,,,D7,D4,D4,,,,,,,8
641,666,Bachelor,10,10_NICOLE_C,,,,E,,,,,,,,D7,D5,D4,,,,,,,8
642,667,Bachelor,10,10_STEPHANIE_T,R1,R,,E,,,,,,,,D1,D5,D4,,,,,,,8
643,668,Bachelor,10,10_AMANDA_H,,,E,,,,,,,,,D7,D4,,,,,,,,8
644,669,Bachelor,10,10_ERIN_P,,,E,,,,,,,,,D7,D4,,,,,,,,8
645,670,Bachelor,10,10_PEYTON_W,,,ED,,,,,,,,,D7,D2,,,,,,,,8
646,671,Bachelor,10,10_ALEXIS_Y,,E,,,,,,,,,,D7,,,,,,,,,8
647,672,Bachelor,10,10_SUSAN_A,,E,,,,,,,,,,D7,,,,,,,,,8
648,673,Bachelor,10,10_TIFFANY_W,,E,,,,,,,,,,D7,,,,,,,,,8
649,674,Bachelor,10,10_BLAKENEY_R,E,,,,,,,,,,,,,,,,,,,,8
650,675,Bachelor,10,10_CANDICE_D,E,,,,,,,,,,,,,,,,,,,,8
651,676,Bachelor,10,10_CATHERINE_W,E,,,,,,,,,,,,,,,,,,,,8
652,677,Bachelor,10,10_DANIELLE_V,E,,,,,,,,,,,,,,,,,,,,8
653,678,Bachelor,10,10_JACKIE_T,E,,,,,,,,,,,,,,,,,,,,8
654,679,Bachelor,10,10_JEANETTE_A,E,,,,,,,,,,,,,,,,,,,,8
655,680,Bachelor,10,10_JESSICA_D,E,,,,,,,,,,,,,,,,,,,,8
656,681,Bachelor,10,10_LINDA_M,E,,,,,,,,,,,,,,,,,,,,8
657,682,Bachelor,10,10_LINDSAY_S,E,,,,,,,,,,,,,,,,,,,,8
658,683,Bachelor,10,10_TIFFANY_F,E,,,,,,,,,,,,,,,,,,,,8
659,685,Bachelor,09,09_JENNIFER_W,,R,,R,,,W,,,,,D6,D6,D1,D1,D1,D1,,,,7
660,686,Bachelor,09,09_SADIE_M,,R,,R,,,E,,,,,D5,D6,D1,D1,D1,D1,,,,7
661,687,Bachelor,09,09_LISA_B,R1,R,,,,E,,,,,,D1,D6,D4,D1,D1,,,,,7
662,688,Bachelor,09,09_AGNESE_P,,,R,,E,,,,,,,D5,D2,D4,D1,,,,,,7
663,689,Bachelor,09,09_JEANETTE_P,,,R,E,,,,,,,,D6,D6,D4,,,,,,,7
664,690,Bachelor,09,09_DESIREE_V,,,,E,,,,,,,,D6,D6,D4,,,,,,,7
665,691,Bachelor,09,09_JAMI_M,,,ED,,,,,,,,,D5,D1,,,,,,,,7
666,692,Bachelor,09,09_GINA_C,,,E,,,,,,,,,D6,D6,,,,,,,,7
667,693,Bachelor,09,09_ERICA_R,,,ED,,,,,,,,,D5,D2,,,,,,,,7
668,694,Bachelor,09,09_SARAH_S,,E,,,,,,,,,,D6,,,,,,,,,7
669,695,Bachelor,09,09_KIM_J,,E,,,,,,,,,,D6,,,,,,,,,7
670,696,Bachelor,09,09_ELLEN_D,,E,,,,,,,,,,D5,,,,,,,,,7
671,697,Bachelor,09,09_TARA_D,E,,,,,,,,,,,,,,,,,,,,7
672,698,Bachelor,09,09_ROSELLA_F,E,,,,,,,,,,,,,,,,,,,,7
673,699,Bachelor,09,09_RITA_G,E,,,,,,,,,,,,,,,,,,,,7
674,700,Bachelor,09,09_RENEE_S,E,,,,,,,,,,,,,,,,,,,,7
675,701,Bachelor,09,09_MERI_B,E,,,,,,,,,,,,,,,,,,,,7
676,702,Bachelor,09,09_LAURA_M,E,,,,,,,,,,,,,,,,,,,,7
677,703,Bachelor,09,09_JESSICA_H,E,,,,,,,,,,,,,,,,,,,,7
678,704,Bachelor,09,09_HEATHER_S,E,,,,,,,,,,,,,,,,,,,,7
679,705,Bachelor,09,09_ELYSE_H,E,,,,,,,,,,,,,,,,,,,,7
680,706,Bachelor,09,09_COSETTA_B,E,,,,,,,,,,,,,,,,,,,,7
681,707,Bachelor,09,09_CLAUDIA_G,E,,,,,,,,,,,,,,,,,,,,7
682,708,Bachelor,09,09_CARISSA_I,E,,,,,,,,,,,,,,,,,,,,7
683,709,Bachelor,09,09_BOWE_N,E,,,,,,,,,,,,,,,,,,,,7
684,710,Bachelor,09,09_ANDREA_S,E,,,,,,,,,,,,,,,,,,,,7
685,711,Bachelor,09,09_APRIL_J,E,,,,,,,,,,,,,,,,,,,,7
686,713,Bachelor,08,08_Sarah_S,,,,R,,,W,,,,,D12,D5,D1,D1,D1,D1,,,,7
687,714,Bachelor,08,08_Moana,,,R,,,,E,,,,,"D6, D12",D5,D4,D1,D1,D1,,,,7
688,715,Bachelor,08,08_Susan,,,R,,,E,,,,,,"D6, D12",D1,D4,D1,D1,,,,,7
689,716,Bachelor,08,08_Sarah_B,,,R,,E,,,,,,,"D6, D12",D2,D4,D1,,,,,,7
690,717,Bachelor,08,08_Jehan,,R,,E,,,,,,,,D12,D5,D1,,,,,,,7
691,718,Bachelor,08,08_Tara,,R,,E,,,,,,,,"D6, D12",D5,D4,,,,,,,7
692,719,Bachelor,08,08_Jennifer,,,ED,,,,,,,,,"D6, D12",D2,,,,,,,,7
693,720,Bachelor,08,08_Shiloh,,,E,,,,,,,,,"D6, D12",D5,,,,,,,,7
694,721,Bachelor,08,08_Cole,,E,,,,,,,,,,D12,,,,,,,,,7
695,722,Bachelor,08,08_Yvonne,,E,,,,,,,,,,D12,,,,,,,,,7
696,723,Bachelor,08,08_Elizabeth,,E,,,,,,,,,,D12,,,,,,,,,7
697,724,Bachelor,08,08_Kristen,,ED,,,,,,,,,,"D1, D12",,,,,,,,,7
698,725,Bachelor,08,08_Stephanie,E,,,,,,,,,,,,,,,,,,,,7
699,726,Bachelor,08,08_Ali_D,E,,,,,,,,,,,,,,,,,,,,7
700,727,Bachelor,08,08_Allie_G,E,,,,,,,,,,,,,,,,,,,,7
701,728,Bachelor,08,08_April,E,,,,,,,,,,,,,,,,,,,,7
702,729,Bachelor,08,08_Cortney,E,,,,,,,,,,,,,,,,,,,,7
703,730,Bachelor,08,08_Jaime,E,,,,,,,,,,,,,,,,,,,,7
704,731,Bachelor,08,08_Kathy,E,,,,,,,,,,,,,,,,,,,,7
705,732,Bachelor,08,08_Kyle,E,,,,,,,,,,,,,,,,,,,,7
706,733,Bachelor,08,08_Lisa,E,,,,,,,,,,,,,,,,,,,,7
707,734,Bachelor,08,08_Liza,E,,,,,,,,,,,,,,,,,,,,7
708,735,Bachelor,08,08_Princess,E,,,,,,,,,,,,,,,,,,,,7
709,736,Bachelor,08,08_Sara_H,E,,,,,,,,,,,,,,,,,,,,7
710,737,Bachelor,08,08_Venus,E,,,,,,,,,,,,,,,,,,,,7
711,739,Bachelor,07,07_Sarah B.,,,,R,,,W,,,,D9,D10,D6,D1,D1,D1,D1,,,,7
712,740,Bachelor,07,07_Krisily,R,,,,,,EU,,,,D9,D10,D6,D5,D1,D1,D1,,,,7
713,741,Bachelor,07,07_Sarah W.,R1,R,,,,E,,,,,D9,D1,D6,D5,D1,D1,,,,,7
714,742,Bachelor,07,07_Kimberly,R,R,R,,E,,,,,,D6,D10,D1,D5,D1,,,,,,7
715,743,Bachelor,07,07_Anitra,R,,,E,,,,,,,D5,D10,D6,D5,,,,,,,7
716,744,Bachelor,07,07_Kindle,R,,,E,,,,,,,D5,D10,D6,D5,,,,,,,7
717,745,Bachelor,07,07_Kara,,R,EU,,,,,,,,D9,D10,D1,,,,,,,,7
718,746,Bachelor,07,07_Jenny,R,,E,,,,,,,,D6,D10,D6,,,,,,,,7
719,747,Bachelor,07,07_Kerry,R1,E,,,,,,,,,D6,D10,,,,,,,,,7
720,748,Bachelor,07,07_Carrie,,E,,,,,,,,,D6,D10,,,,,,,,,7
721,749,Bachelor,07,07_Gina Marie,,E,,,,,,,,,D9,D10,,,,,,,,,7
722,750,Bachelor,07,07_Megan,,EU,,,,,,,,,D5,D1,,,,,,,,,7
723,751,Bachelor,07,07_Brenda,EU,,,,,,,,,,,,,,,,,,,,7
724,752,Bachelor,07,07_Kristina,EU,,,,,,,,,,,,,,,,,,,,7
725,753,Bachelor,07,07_Debby,EU,,,,,,,,,,,,,,,,,,,,7
726,754,Bachelor,07,07_Katie,EU,,,,,,,,,,,,,,,,,,,,7
727,755,Bachelor,07,07_Heather,EU,,,,,,,,,,,,,,,,,,,,7
728,756,Bachelor,07,07_Kristen,E,,,,,,,,,,D5,,,,,,,,,,7
729,757,Bachelor,07,07_Kyshawn,E,,,,,,,,,,D9,,,,,,,,,,7
730,758,Bachelor,07,07_Siomara,E,,,,,,,,,,D9,,,,,,,,,,7
731,759,Bachelor,07,07_Emilie,E,,,,,,,,,,D5,,,,,,,,,,7
732,760,Bachelor,07,07_Kristine,E,,,,,,,,,,D9,,,,,,,,,,7
733,761,Bachelor,07,07_Geitan,E,,,,,,,,,,D9,,,,,,,,,,7
734,762,Bachelor,07,07_Valerie,E,,,,,,,,,,D6,,,,,,,,,,7
735,763,Bachelor,07,07_Danushka,E,,,,,,,,,,D6,,,,,,,,,,7
736,765,Bachelor,06,06_Mary,,,,,,,,W,,,,,D2,,D1,D1,D1,D1,,,8
737,766,Bachelor,06,06_Tanya,,,,,,,,E,,,,,,D1,,D1,D1,D1,,,8
738,767,Bachelor,06,06_Cynthia,,,,,,,E,,,,,,,,D1,D1,D1,,,,8
739,768,Bachelor,06,06_Cheresse,,,,,,E,,,,,,D1,,,,,,,,,8
740,769,Bachelor,06,06_Andrea,,,,,E,,,,,,,,D1,,,,,,,,8
741,770,Bachelor,06,06_Jayne,,,,,E,,,,,,,D1,,,D1,,,,,,8
742,771,Bachelor,06,06_Krysta,,,,E,,,,,,,,,,,,,,,,,8
743,772,Bachelor,06,06_Elizabeth,,,,E,,,,,,,,,,D1,,,,,,,8
744,773,Bachelor,06,06_Amanda,,,E,,,,,,,,,,,,,,,,,,8
745,774,Bachelor,06,06_Kristie,,,E,,,,,,,,,,,,,,,,,,8
746,775,Bachelor,06,06_Susie,,,E,,,,,,,,,,,,,,,,,,8
747,776,Bachelor,06,06_Heather,,,E,,,,,,,,,,D2,,,,,,,,8
748,777,Bachelor,06,06_Wende,,E,,,,,,,,,,,,,,,,,,,8
749,778,Bachelor,06,06_Natalie,,E,,,,,,,,,,,,,,,,,,,8
750,779,Bachelor,06,06_Ashley,,E,,,,,,,,,,,,,,,,,,,8
751,780,Bachelor,06,06_Kelley,,E,,,,,,,,,,,,,,,,,,,8
752,781,Bachelor,06,06_Leina,,EQ,,,,,,,,,,,,,,,,,,,8
753,782,Bachelor,06,06_Carolyn,E,,,,,,,,,,,,,,,,,,,,8
754,783,Bachelor,06,06_Amy,E,,,,,,,,,,,,,,,,,,,,8
755,784,Bachelor,06,06_Lisa,E,,,,,,,,,,,,,,,,,,,,8
756,785,Bachelor,06,06_Nicole,E,,,,,,,,,,,,,,,,,,,,8
757,786,Bachelor,06,06_Kerry,E,,,,,,,,,,,,,,,,,,,,8
758,787,Bachelor,06,06_Alma,E,,,,,,,,,,,,,,,,,,,,8
759,788,Bachelor,06,06_Kristin,E,,,,,,,,,,,,,,,,,,,,8
760,789,Bachelor,06,06_Jennifer,E,,,,,,,,,,,,,,,,,,,,8
761,790,Bachelor,06,06_Abby,E,,,,,,,,,,,,,,,,,,,,8
762,791,Bachelor,06,06_Melinda,E,,,,,,,,,,,,,,,,,,,,8
763,793,Bachelor,05,05_JESSICA_B,,,,,,,W,,,,,D7,D6,D1,D1,D1,D1,,,,7
764,794,Bachelor,05,05_TARA_H,,,,,,,E,,,,,D7,D1,D1,D1,D1,D1,,,,7
765,795,Bachelor,05,05_MANDY_J,,,,,,E,,,,,,D7,D2,D1,D1,D1,,,,,7
766,796,Bachelor,05,05_TRISH_S,R1,,,,E,,,,,,,D1,D2,D3,D1,,,,,,7
767,797,Bachelor,05,05_SUZIE_W,,,,E,,,,,,,,D8,D1,D3,,,,,,,7
768,798,Bachelor,05,05_KAREN_L,,,,E,,,,,,,,D7,D6,D3,,,,,,,7
769,799,Bachelor,05,05_JESSICA_H,,,E,,,,,,,,,D8,D6,,,,,,,,7
770,800,Bachelor,05,05_JULIE_D,,,E,,,,,,,,,D7,D6,,,,,,,,7
771,801,Bachelor,05,05_JENNY_S,,,E,,,,,,,,,D8,D6,,,,,,,,7
772,802,Bachelor,05,05_KATIE_G,,,E,,,,,,,,,D7,D6,,,,,,,,7
773,803,Bachelor,05,05_JEANMARIE_C,,E,,,,,,,,,,D8,,,,,,,,,7
774,804,Bachelor,05,05_ANNECATHERINE_L,,E,,,,,,,,,,D8,,,,,,,,,7
775,805,Bachelor,05,05_AMBER_L,,E,,,,,,,,,,D8,,,,,,,,,7
776,806,Bachelor,05,05_MANDY_C,,E,,,,,,,,,,D8,,,,,,,,,7
777,807,Bachelor,05,05_KRISTY_R,,E,,,,,,,,,,D8,,,,,,,,,7
778,808,Bachelor,05,05_CELESTE_C,,E,,,,,,,,,,D7,,,,,,,,,7
779,809,Bachelor,05,05_JENNY_M,E,,,,,,,,,,,,,,,,,,,,7
780,810,Bachelor,05,05_DEBBIE_M,E,,,,,,,,,,,,,,,,,,,,7
781,811,Bachelor,05,05_DOLORES_F,E,,,,,,,,,,,,,,,,,,,,7
782,812,Bachelor,05,05_FRANCINE_J,E,,,,,,,,,,,,,,,,,,,,7
783,813,Bachelor,05,05_DESHAUN_W,E,,,,,,,,,,,,,,,,,,,,7
784,814,Bachelor,05,05_JESSICA_K,E,,,,,,,,,,,,,,,,,,,,7
785,815,Bachelor,05,05_HOLLY_R,E,,,,,,,,,,,,,,,,,,,,7
786,816,Bachelor,05,05_RACHEL_C,E,,,,,,,,,,,,,,,,,,,,7
787,817,Bachelor,05,05_KRISTIN_C,E,,,,,,,,,,,,,,,,,,,,7
788,819,Bachelor,04,04_Kelly-Jo,,,,,,,E,,,,,D4,D3,D1,D1,D1,D1,,,,7
789,820,Bachelor,04,04_Estella,,,,,,,W,,,,,D5,D5,D1,D1,D1,D1,,,,7
790,821,Bachelor,04,04_Mary,,,,,,E,,,,,,D6,D3,D1,D1,D1,,,,,7
791,822,Bachelor,04,04_Meredith,,,,,E,,,,,,,D4,D1,D3,D1,,,,,,7
792,823,Bachelor,04,04_Brooke,,,,E,,,,,,,,D4,D5,D3,,,,,,,7
793,824,Bachelor,04,04_Lee-Ann,,,,E,,,,,,,,D6,D1,D3,,,,,,,7
794,825,Bachelor,04,04_Misty,,,E,,,,,,,,,D5,D3,,,,,,,,7
795,826,Bachelor,04,04_Karin,,,E,,,,,,,,,D4,D5,,,,,,,,7
796,827,Bachelor,04,04_Jenny,,,E,,,,,,,,,D6,D5,,,,,,,,7
797,828,Bachelor,04,04_Antoinette,,,E,,,,,,,,,D6,D5,,,,,,,,7
798,829,Bachelor,04,04_Lindsay_clippers,,ED,,,,,,,,,,D5,,,,,,,,,7
799,830,Bachelor,04,04_Lindsay,,E,,,,,,,,,,D6,,,,,,,,,7
800,831,Bachelor,04,04_Lanah,,E,,,,,,,,,,D6,,,,,,,,,7
801,832,Bachelor,04,04_Jenn,,E,,,,,,,,,,D5,,,,,,,,,7
802,833,Bachelor,04,04_Christine,,E,,,,,,,,,,D5,,,,,,,,,7
803,834,Bachelor,04,04_Darla,E,,,,,,,,,,,,,,,,,,,,7
804,835,Bachelor,04,04_Stacey,E,,,,,,,,,,,,,,,,,,,,7
805,836,Bachelor,04,04_Shea,E,,,,,,,,,,,,,,,,,,,,7
806,837,Bachelor,04,04_Heather,E,,,,,,,,,,,,,,,,,,,,7
807,838,Bachelor,04,04_Lauren,E,,,,,,,,,,,,,,,,,,,,7
808,839,Bachelor,04,04_Kristi,E,,,,,,,,,,,,,,,,,,,,7
809,840,Bachelor,04,04_Samentha,E,,,,,,,,,,,,,,,,,,,,7
810,841,Bachelor,04,04_Leona,E,,,,,,,,,,,,,,,,,,,,7
811,842,Bachelor,04,04_Julie,E,,,,,,,,,,,,,,,,,,,,7
812,843,Bachelor,04,04_Shelly,E,,,,,,,,,,,,,,,,,,,,7
813,845,Bachelor,03,03_JEN_X,,,,,,,W,,,,,D5,D5,D1,D1,D1,D1,,,,7
814,846,Bachelor,03,03_KIRSTEN_X,,,,,,,E,,,,,D5,D1,D1,D1,D1,D1,,,,7
815,847,Bachelor,03,03_TINA_X,,,,,,E,,,,,,D5,D5,D3,D1,D1,,,,,7
816,848,Bachelor,03,03_CRISTINA_X,,,,E,E,,,,,,,D5,D3,D3,D1,,,,,,7
817,849,Bachelor,03,03_LIZ_X,,,,E,,,,,,,,D5,D3,D3,,,,,,,7
818,850,Bachelor,03,03_ANN_MICHELLE_X,,,,E,,,,,,,,D5,D3,D1,,,,,,,7
819,851,Bachelor,03,03_AUDREE_X,,,E,,,,,,,,,D5,D5,,,,,,,,7
820,852,Bachelor,03,03_AMBER_X,,,E,,,,,,,,,D5,D1,,,,,,,,7
821,853,Bachelor,03,03_HEATHER_X,,,E,,,,,,,,,D5,D5,,,,,,,,7
822,854,Bachelor,03,03_TINA_X,,,E,,,,,,,,,D5,D5,,,,,,,,7
823,855,Bachelor,03,03_RACHEL_X,,E,,,,,,,,,,D5,,,,,,,,,7
824,856,Bachelor,03,03_AMY_X,,E,,,,,,,,,,D5,,,,,,,,,7
825,857,Bachelor,03,03_SHANNON_X,,E,,,,,,,,,,D5,,,,,,,,,7
826,858,Bachelor,03,03_ELIZABETH_X,,E,,,,,,,,,,D5,,,,,,,,,7
827,859,Bachelor,03,03_CHRISTINA_X,,EQ,,,,,,,,,,D5,,,,,,,,,7
828,860,Bachelor,03,03_KERRI_X,E,,,,,,,,,,,,,,,,,,,,7
829,861,Bachelor,03,03_AMY_X,E,,,,,,,,,,,D5,,,,,,,,,7
830,862,Bachelor,03,03_JENNIFER_X,E,,,,,,,,,,,,,,,,,,,,7
831,863,Bachelor,03,03_COURTNEY_X,E,,,,,,,,,,,,,,,,,,,,7
832,864,Bachelor,03,03_ANGELA_X,E,,,,,,,,,,,,,,,,,,,,7
833,865,Bachelor,03,03_GINNY_X,E,,,,,,,,,,,,,,,,,,,,7
834,866,Bachelor,03,03_BROOKE_X,E,,,,,,,,,,,,,,,,,,,,7
835,867,Bachelor,03,03_STEPHANIE_X,E,,,,,,,,,,,,,,,,,,,,7
836,868,Bachelor,03,03_TIFFANY_X,E,,,,,,,,,,,,,,,,,,,,7
837,869,Bachelor,03,03_KRISTEN_X,E,,,,,,,,,,,,,,,,,,,,7
838,871,Bachelor,02,02_HELENE_E,,,,,,,W,,,,,D5,D1,D1,D1,D1,D1,,,,7
839,872,Bachelor,02,02_BROOKE_S,,,,,,,E,,,,,D5,D1,D3,D1,D1,,,,,7
840,873,Bachelor,02,02_GWEN_G,,,,,,E,,,,,,D5,D3,D1,D1,D1,,,,,7
841,874,Bachelor,02,02_ANGELA_X,,,,,E,,,,,,,D5,D5,D3,D1,,,,,,7
842,875,Bachelor,02,02_HAYLEY_X,,,,E,,,,,,,,D5,D3,D3,,,,,,,7
843,876,Bachelor,02,02_HEATHER_C,,,,E,,,,,,,,D5,D5,D1,,,,,,,7
844,877,Bachelor,02,02_CHRISTI_X,,,E,,,,,,,,,D5,D5,,,,,,,,7
845,878,Bachelor,02,02_HEATHER_X,,,E,,,,,,,,,D5,D5,,,,,,,,7
846,879,Bachelor,02,02_KYLA_X,,,E,,,,,,,,,D5,D3,,,,,,,,7
847,880,Bachelor,02,02_SHANNON_X,,,E,,,,,,,,,D5,D5,,,,,,,,7
848,881,Bachelor,02,02_DANA_X,,E,,,,,,,,,,D5,,,,,,,,,7
849,882,Bachelor,02,02_ERIN_X,,E,,,,,,,,,,D5,,,,,,,,,7
850,883,Bachelor,02,02_SUZANNE_X,,E,,,,,,,,,,D5,,,,,,,,,7
851,884,Bachelor,02,02_FRANCES_X,,EQ,,,,,,,,,,D5,,,,,,,,,7
852,885,Bachelor,02,02_ANINDITA_X,,EQ,,,,,,,,,,D5,,,,,,,,,7
853,886,Bachelor,02,02_AMBER_X,E,,,,,,,,,,,,,,,,,,,,7
854,887,Bachelor,02,02_CAMILLE_X,E,,,,,,,,,,,,,,,,,,,,7
855,888,Bachelor,02,02_CARI_X,E,,,,,,,,,,,,,,,,,,,,7
856,889,Bachelor,02,02_CHRISTY_X,E,,,,,,,,,,,,,,,,,,,,7
857,890,Bachelor,02,02_ERIN_X,E,,,,,,,,,,,,,,,,,,,,7
858,891,Bachelor,02,02_FATIMA_X,E,,,,,,,,,,,,,,,,,,,,7
859,892,Bachelor,02,02_LIANGY_X,E,,,,,,,,,,,,,,,,,,,,7
860,893,Bachelor,02,02_LORI_X,E,,,,,,,,,,,,,,,,,,,,7
861,894,Bachelor,02,02_MERILEE_X,E,,,,,,,,,,,,,,,,,,,,7
862,896,Bachelor,01,01_AMANDA_M,,,,,,W,,,,,,D5,D1,D1,D1,D1,,,,,6
863,897,Bachelor,01,01_TRISTA_R,,,,,,E,,,,,,D5,D1,D1,D1,D1,,,,,6
864,898,Bachelor,01,01_SHANNON_O,,,,,E,,,,,,,D5,D1,D1,D1,,,,,,6
865,899,Bachelor,01,01_KIM_X,,,,E,,,,,,,,D5,D4,D1,,,,,,,6
866,900,Bachelor,01,01_CATHY_G,,,E,,,,,,,,,D5,D4,,,,,,,,6
867,901,Bachelor,01,01_CHRISTINA_X,,,E,,,,,,,,,D5,D4,,,,,,,,6
868,902,Bachelor,01,01_LANEASE_A,,,E,,,,,,,,,D5,D4,,,,,,,,6
869,903,Bachelor,01,01_RHONDA_X,,,E,,,,,,,,,D5,D4,,,,,,,,6
870,904,Bachelor,01,01_ALEXA_X,,E,,,,,,,,,,D5,,,,,,,,,6
871,905,Bachelor,01,01_AMY_X,,E,,,,,,,,,,D5,,,,,,,,,6
872,906,Bachelor,01,01_ANGELA_X,,E,,,,,,,,,,D5,,,,,,,,,6
873,907,Bachelor,01,01_ANGELIQUE_X,,E,,,,,,,,,,D5,,,,,,,,,6
874,908,Bachelor,01,01_KATIE_X,,E,,,,,,,,,,D5,,,,,,,,,6
875,909,Bachelor,01,01_MELISSA_X,,E,,,,,,,,,,D5,,,,,,,,,6
876,910,Bachelor,01,01_TINA_X,,E,,,,,,,,,,D5,,,,,,,,,6
877,911,Bachelor,01,01_AMBER_X,E,,,,,,,,,,,,,,,,,,,,6
878,912,Bachelor,01,01_DANIELA_X,E,,,,,,,,,,,,,,,,,,,,6
879,913,Bachelor,01,01_DENISE_X,E,,,,,,,,,,,,,,,,,,,,6
880,914,Bachelor,01,01_JACKIE_X,E,,,,,,,,,,,,,,,,,,,,6
881,915,Bachelor,01,01_JILL_X,E,,,,,,,,,,,,,,,,,,,,6
882,916,Bachelor,01,01_KRISTINA_X,E,,,,,,,,,,,,,,,,,,,,6
883,917,Bachelor,01,01_LISA_X,E,,,,,,,,,,,,,,,,,,,,6
884,918,Bachelor,01,01_PAULA_X,E,,,,,,,,,,,,,,,,,,,,6
885,919,Bachelor,01,01_RACHEL_X,E,,,,,,,,,,,,,,,,,,,,6
886,920,Bachelor,01,01_WENDI_X,E,,,,,,,,,,,,,,,,,,,,6
